station_id,geo_location
19718,"{'lat': 32.784644, 'lng': 35.007681}"
18758,"{'lat': 32.820345, 'lng': 34.980252}"
19746,"{'lat': 32.78009, 'lng': 35.022053}"
19968,"{'lat': 32.766836, 'lng': 34.981106}"
20007,"{'lat': 32.826826, 'lng': 34.983675}"
20034,"{'lat': 32.774834, 'lng': 35.025517}"
20116,"{'lat': 32.780161, 'lng': 35.024632}"
20213,"{'lat': 32.818581, 'lng': 34.993611}"
20276,"{'lat': 32.784721, 'lng': 34.967228}"
20304,"{'lat': 32.773217, 'lng': 35.006206}"
20306,"{'lat': 32.775027, 'lng': 35.003142}"
20308,"{'lat': 32.778257, 'lng': 35.016215}"
20217,"{'lat': 32.831189, 'lng': 34.967202}"
19993,"{'lat': 32.807637, 'lng': 35.063541}"
19873,"{'lat': 32.783476, 'lng': 35.008439}"
20137,"{'lat': 32.790813, 'lng': 35.035786}"
20233,"{'lat': 32.792612, 'lng': 35.034601}"
20829,"{'lat': 32.809472, 'lng': 34.998976}"
20830,"{'lat': 32.81244, 'lng': 34.997133}"
20831,"{'lat': 32.812403, 'lng': 34.997109}"
20838,"{'lat': 32.819758, 'lng': 34.997062}"
19987,"{'lat': 32.79364, 'lng': 35.021229}"
19735,"{'lat': 32.779868, 'lng': 34.980526}"
19665,"{'lat': 32.793983, 'lng': 35.01512}"
19956,"{'lat': 32.795895, 'lng': 35.010383}"
19975,"{'lat': 32.768036, 'lng': 35.012959}"
19977,"{'lat': 32.792092, 'lng': 35.017987}"
19931,"{'lat': 32.780001, 'lng': 34.985411}"
19903,"{'lat': 32.780045, 'lng': 34.998257}"
19106,"{'lat': 32.800875, 'lng': 35.000091}"
19691,"{'lat': 32.791855, 'lng': 34.992604}"
18879,"{'lat': 32.799505, 'lng': 35.000715}"
18786,"{'lat': 32.775088, 'lng': 35.027751}"
19714,"{'lat': 32.829824, 'lng': 34.970493}"
20160,"{'lat': 32.778372, 'lng': 35.005156}"
19981,"{'lat': 32.769026, 'lng': 35.010804}"
19957,"{'lat': 32.783515, 'lng': 34.989063}"
19944,"{'lat': 32.781569, 'lng': 34.99501}"
19942,"{'lat': 32.778404, 'lng': 34.998883}"
19900,"{'lat': 32.804255, 'lng': 35.011616}"
19895,"{'lat': 32.766579, 'lng': 35.013972}"
20646,"{'lat': 32.786886, 'lng': 34.959758}"
20649,"{'lat': 32.77738, 'lng': 35.03002}"
20650,"{'lat': 32.777542, 'lng': 35.030041}"
20019,"{'lat': 32.821625, 'lng': 34.974131}"
19986,"{'lat': 32.785521, 'lng': 35.023694}"
18457,"{'lat': 32.832114, 'lng': 34.983008}"
19896,"{'lat': 32.803701, 'lng': 34.987506}"
20215,"{'lat': 32.816522, 'lng': 34.992567}"
19952,"{'lat': 32.816327, 'lng': 34.97857}"
20135,"{'lat': 32.817201, 'lng': 35.002301}"
19661,"{'lat': 32.818518, 'lng': 34.981465}"
19954,"{'lat': 32.817496, 'lng': 34.971872}"
19963,"{'lat': 32.765988, 'lng': 34.991474}"
20033,"{'lat': 32.762864, 'lng': 35.017217}"
20073,"{'lat': 32.820985, 'lng': 34.986676}"
20172,"{'lat': 32.809311, 'lng': 35.006883}"
20205,"{'lat': 32.806727, 'lng': 35.004681}"
19953,"{'lat': 32.817586, 'lng': 34.977032}"
20027,"{'lat': 32.821661, 'lng': 34.996461}"
20834,"{'lat': 32.817289, 'lng': 34.999841}"
20835,"{'lat': 32.817473, 'lng': 34.999419}"
20837,"{'lat': 32.819548, 'lng': 34.999714}"
20840,"{'lat': 32.822683, 'lng': 34.993678}"
20841,"{'lat': 32.823254, 'lng': 34.992507}"
20852,"{'lat': 32.832604, 'lng': 34.98387}"
20864,"{'lat': 32.830917, 'lng': 34.985401}"
31932,"{'lat': 32.793305, 'lng': 35.03293}"
18302,"{'lat': 32.790326, 'lng': 35.000164}"
18324,"{'lat': 32.811826, 'lng': 34.958463}"
18327,"{'lat': 32.815195, 'lng': 34.960296}"
18390,"{'lat': 32.820278, 'lng': 34.96291}"
18402,"{'lat': 32.812885, 'lng': 34.988108}"
18407,"{'lat': 32.823977, 'lng': 34.97075}"
18399,"{'lat': 32.814311, 'lng': 34.979622}"
18417,"{'lat': 32.821333, 'lng': 34.981925}"
18424,"{'lat': 32.806801, 'lng': 34.993258}"
18441,"{'lat': 32.812195, 'lng': 34.994706}"
18451,"{'lat': 32.824084, 'lng': 34.982104}"
18270,"{'lat': 32.77836, 'lng': 34.994092}"
18278,"{'lat': 32.785126, 'lng': 34.987303}"
18287,"{'lat': 32.788999, 'lng': 34.986599}"
18468,"{'lat': 32.777401, 'lng': 34.999359}"
18295,"{'lat': 32.787876, 'lng': 34.991582}"
18305,"{'lat': 32.797646, 'lng': 34.975818}"
18308,"{'lat': 32.795096, 'lng': 34.988057}"
18319,"{'lat': 32.798176, 'lng': 34.987217}"
18338,"{'lat': 32.809925, 'lng': 34.972459}"
18892,"{'lat': 32.795455, 'lng': 35.007047}"
18357,"{'lat': 32.822068, 'lng': 34.959228}"
18361,"{'lat': 32.82075, 'lng': 34.958932}"
18368,"{'lat': 32.807299, 'lng': 34.986737}"
18381,"{'lat': 32.814832, 'lng': 34.973863}"
18395,"{'lat': 32.827858, 'lng': 34.963841}"
18396,"{'lat': 32.826537, 'lng': 34.963502}"
21205,"{'lat': 32.809276, 'lng': 34.963291}"
20640,"{'lat': 32.784602, 'lng': 35.026275}"
20161,"{'lat': 32.777785, 'lng': 35.010041}"
20219,"{'lat': 32.812768, 'lng': 34.995907}"
19922,"{'lat': 32.817811, 'lng': 35.076952}"
19829,"{'lat': 32.830805, 'lng': 34.985352}"
20825,"{'lat': 32.809869, 'lng': 35.070927}"
20828,"{'lat': 32.810731, 'lng': 34.998427}"
20832,"{'lat': 32.814011, 'lng': 34.99659}"
20833,"{'lat': 32.813805, 'lng': 34.996002}"
20844,"{'lat': 32.826678, 'lng': 34.983518}"
19842,"{'lat': 32.82101, 'lng': 35.069784}"
18881,"{'lat': 32.817125, 'lng': 35.076718}"
20063,"{'lat': 32.789419, 'lng': 35.018871}"
20153,"{'lat': 32.802998, 'lng': 35.008744}"
20046,"{'lat': 32.802909, 'lng': 34.98617}"
18847,"{'lat': 32.81756, 'lng': 35.07135}"
20130,"{'lat': 32.803507, 'lng': 34.986761}"
18577,"{'lat': 32.804996, 'lng': 35.008963}"
18558,"{'lat': 32.797298, 'lng': 35.012303}"
19791,"{'lat': 32.805112, 'lng': 35.002042}"
19933,"{'lat': 32.785496, 'lng': 34.981925}"
19935,"{'lat': 32.785332, 'lng': 34.977995}"
20044,"{'lat': 32.766805, 'lng': 35.011803}"
20065,"{'lat': 32.779852, 'lng': 35.021172}"
20113,"{'lat': 32.777211, 'lng': 35.028426}"
20118,"{'lat': 32.774627, 'lng': 35.023587}"
20136,"{'lat': 32.814408, 'lng': 34.997791}"
20139,"{'lat': 32.785666, 'lng': 34.985873}"
20158,"{'lat': 32.769691, 'lng': 35.007636}"
20163,"{'lat': 32.76732, 'lng': 35.014376}"
20203,"{'lat': 32.80553, 'lng': 35.005696}"
20204,"{'lat': 32.8074, 'lng': 35.005438}"
20207,"{'lat': 32.807312, 'lng': 35.001646}"
20211,"{'lat': 32.812013, 'lng': 34.99993}"
20214,"{'lat': 32.817775, 'lng': 34.993147}"
20220,"{'lat': 32.812081, 'lng': 34.997157}"
20238,"{'lat': 32.81243, 'lng': 34.98995}"
20259,"{'lat': 32.785171, 'lng': 34.966618}"
20275,"{'lat': 32.781314, 'lng': 34.97045}"
20307,"{'lat': 32.775344, 'lng': 35.002504}"
21640,"{'lat': 32.810643, 'lng': 34.982295}"
19947,"{'lat': 32.819523, 'lng': 34.97133}"
19949,"{'lat': 32.816019, 'lng': 34.977756}"
19950,"{'lat': 32.815089, 'lng': 34.975944}"
19055,"{'lat': 32.796723, 'lng': 35.019045}"
19951,"{'lat': 32.814589, 'lng': 34.97337}"
19157,"{'lat': 32.783773, 'lng': 34.99887}"
20001,"{'lat': 32.786858, 'lng': 35.021096}"
19862,"{'lat': 32.784607, 'lng': 35.003942}"
19939,"{'lat': 32.773656, 'lng': 34.990477}"
19721,"{'lat': 32.801647, 'lng': 34.976062}"
18352,"{'lat': 32.819467, 'lng': 34.96111}"
19076,"{'lat': 32.819694, 'lng': 34.958747}"
19199,"{'lat': 32.831697, 'lng': 34.98461}"
19722,"{'lat': 32.801751, 'lng': 34.977029}"
19870,"{'lat': 32.779495, 'lng': 35.003491}"
19882,"{'lat': 32.804615, 'lng': 34.979668}"
19744,"{'lat': 32.787871, 'lng': 35.014302}"
19898,"{'lat': 32.768001, 'lng': 35.012799}"
19902,"{'lat': 32.780776, 'lng': 34.997338}"
19927,"{'lat': 32.812031, 'lng': 34.997255}"
19943,"{'lat': 32.779945, 'lng': 34.996595}"
19946,"{'lat': 32.777669, 'lng': 35.002892}"
19964,"{'lat': 32.765317, 'lng': 34.988497}"
19966,"{'lat': 32.765013, 'lng': 34.985215}"
19973,"{'lat': 32.767055, 'lng': 35.01242}"
19974,"{'lat': 32.76763, 'lng': 35.014041}"
19983,"{'lat': 32.787382, 'lng': 35.016536}"
19066,"{'lat': 32.816417, 'lng': 34.956185}"
19923,"{'lat': 32.818964, 'lng': 35.074677}"
18331,"{'lat': 32.797571, 'lng': 34.984257}"
19884,"{'lat': 32.80089, 'lng': 34.981402}"
19110,"{'lat': 32.818421, 'lng': 34.958711}"
20430,"{'lat': 32.785648, 'lng': 34.97034}"
20431,"{'lat': 32.785072, 'lng': 34.967952}"
20550,"{'lat': 32.793839, 'lng': 34.956806}"
20062,"{'lat': 32.786536, 'lng': 35.019804}"
20072,"{'lat': 32.788598, 'lng': 35.015547}"
20162,"{'lat': 32.786931, 'lng': 35.008768}"
19688,"{'lat': 32.789129, 'lng': 35.008556}"
19940,"{'lat': 32.7777, 'lng': 34.990217}"
19243,"{'lat': 32.77665, 'lng': 34.990525}"
20122,"{'lat': 32.813617, 'lng': 34.976769}"
20008,"{'lat': 32.821263, 'lng': 34.991634}"
19984,"{'lat': 32.787312, 'lng': 35.016728}"
20013,"{'lat': 32.778663, 'lng': 34.987208}"
20018,"{'lat': 32.821094, 'lng': 34.973502}"
20026,"{'lat': 32.822487, 'lng': 34.994944}"
19717,"{'lat': 32.785057, 'lng': 35.00959}"
20076,"{'lat': 32.828516, 'lng': 34.982978}"
19869,"{'lat': 32.779548, 'lng': 35.001647}"
18826,"{'lat': 32.831831, 'lng': 34.974543}"
19881,"{'lat': 32.795163, 'lng': 34.998103}"
18359,"{'lat': 32.818067, 'lng': 34.967831}"
19672,"{'lat': 32.778726, 'lng': 35.001978}"
19901,"{'lat': 32.804173, 'lng': 35.011082}"
19945,"{'lat': 32.784037, 'lng': 34.992305}"
19985,"{'lat': 32.789278, 'lng': 35.013126}"
19971,"{'lat': 32.766372, 'lng': 35.00118}"
19941,"{'lat': 32.776847, 'lng': 35.001396}"
20006,"{'lat': 32.823156, 'lng': 34.992402}"
20009,"{'lat': 32.821086, 'lng': 34.991183}"
20014,"{'lat': 32.800626, 'lng': 35.012828}"
19922,"{'lat': 32.817811, 'lng': 35.076952}"
20109,"{'lat': 32.810091, 'lng': 35.070661}"
20141,"{'lat': 32.778893, 'lng': 34.982198}"
20154,"{'lat': 32.80532, 'lng': 35.009197}"
20155,"{'lat': 32.810258, 'lng': 35.005}"
20037,"{'lat': 32.799687, 'lng': 35.050226}"
20119,"{'lat': 32.808122, 'lng': 35.064858}"
20132,"{'lat': 32.809077, 'lng': 34.999384}"
20028,"{'lat': 32.821889, 'lng': 34.997128}"
20053,"{'lat': 32.792198, 'lng': 35.034771}"
20206,"{'lat': 32.808192, 'lng': 35.003589}"
20209,"{'lat': 32.809613, 'lng': 35.002847}"
20210,"{'lat': 32.809163, 'lng': 35.001589}"
20230,"{'lat': 32.785175, 'lng': 34.969644}"
20300,"{'lat': 32.804254, 'lng': 35.009152}"
19063,"{'lat': 32.806659, 'lng': 34.960187}"
18571,"{'lat': 32.801394, 'lng': 35.011027}"
19139,"{'lat': 32.790259, 'lng': 34.962988}"
19075,"{'lat': 32.806044, 'lng': 34.96361}"
18507,"{'lat': 32.783484, 'lng': 35.01992}"
18289,"{'lat': 32.790037, 'lng': 34.987602}"
18613,"{'lat': 32.834689, 'lng': 35.061173}"
18496,"{'lat': 32.776774, 'lng': 35.020069}"
18602,"{'lat': 32.836719, 'lng': 35.059769}"
18591,"{'lat': 32.833587, 'lng': 35.05706}"
18846,"{'lat': 32.831486, 'lng': 35.063677}"
18543,"{'lat': 32.793858, 'lng': 35.013897}"
18831,"{'lat': 32.799452, 'lng': 35.001972}"
18480,"{'lat': 32.773848, 'lng': 35.009785}"
19071,"{'lat': 32.785538, 'lng': 34.995379}"
19098,"{'lat': 32.84059, 'lng': 35.068567}"
19101,"{'lat': 32.794095, 'lng': 35.013571}"
19107,"{'lat': 32.769344, 'lng': 35.006551}"
19155,"{'lat': 32.786578, 'lng': 34.996333}"
19159,"{'lat': 32.783568, 'lng': 34.99679}"
19183,"{'lat': 32.821366, 'lng': 34.971478}"
19189,"{'lat': 32.776685, 'lng': 34.993951}"
19277,"{'lat': 32.821177, 'lng': 34.983956}"
18532,"{'lat': 32.795416, 'lng': 35.011463}"
19188,"{'lat': 32.777934, 'lng': 34.993652}"
21676,"{'lat': 32.836942, 'lng': 35.066519}"
21681,"{'lat': 32.810972, 'lng': 35.070096}"
21683,"{'lat': 32.807343, 'lng': 35.061936}"
21684,"{'lat': 32.807346, 'lng': 35.06195}"
21712,"{'lat': 32.83382, 'lng': 35.064713}"
21723,"{'lat': 32.807794, 'lng': 35.000862}"
21725,"{'lat': 32.821645, 'lng': 34.990739}"
21733,"{'lat': 32.799903, 'lng': 35.05057}"
21766,"{'lat': 32.820763, 'lng': 34.997236}"
21787,"{'lat': 32.807354, 'lng': 35.056335}"
21788,"{'lat': 32.808155, 'lng': 35.059331}"
21789,"{'lat': 32.808627, 'lng': 35.061285}"
21806,"{'lat': 32.835549, 'lng': 35.06863}"
21809,"{'lat': 32.831494, 'lng': 35.066262}"
21839,"{'lat': 32.803164, 'lng': 35.010996}"
21718,"{'lat': 32.815384, 'lng': 35.061543}"
18271,"{'lat': 32.777565, 'lng': 34.999}"
18375,"{'lat': 32.801872, 'lng': 34.99391}"
18592,"{'lat': 32.835327, 'lng': 35.058455}"
22003,"{'lat': 32.82353, 'lng': 34.967759}"
21696,"{'lat': 32.80155, 'lng': 34.95993}"
22218,"{'lat': 32.785056, 'lng': 34.963975}"
18267,"{'lat': 32.785641, 'lng': 34.96277}"
18285,"{'lat': 32.784171, 'lng': 34.985909}"
18288,"{'lat': 32.790454, 'lng': 34.986961}"
18903,"{'lat': 32.801472, 'lng': 34.979828}"
18905,"{'lat': 32.800648, 'lng': 34.983358}"
19483,"{'lat': 32.779775, 'lng': 35.013946}"
19506,"{'lat': 32.7932, 'lng': 34.99804}"
19517,"{'lat': 32.785602, 'lng': 34.977753}"
19526,"{'lat': 32.778367, 'lng': 34.981088}"
19552,"{'lat': 32.783155, 'lng': 34.987593}"
19556,"{'lat': 32.793011, 'lng': 34.996}"
19569,"{'lat': 32.807614, 'lng': 34.979016}"
19575,"{'lat': 32.77567, 'lng': 35.007807}"
19629,"{'lat': 32.791562, 'lng': 34.964394}"
19634,"{'lat': 32.812724, 'lng': 34.980056}"
19883,"{'lat': 32.804157, 'lng': 34.977861}"
21641,"{'lat': 32.809031, 'lng': 34.984058}"
17864,"{'lat': 32.793017, 'lng': 35.01987}"
18910,"{'lat': 32.802801, 'lng': 34.99857}"
17812,"{'lat': 32.834883, 'lng': 35.070231}"
18029,"{'lat': 32.784644, 'lng': 34.970388}"
18018,"{'lat': 32.818978, 'lng': 34.982951}"
18914,"{'lat': 32.834618, 'lng': 35.065465}"
18936,"{'lat': 32.820093, 'lng': 34.99428}"
18942,"{'lat': 32.818456, 'lng': 34.989494}"
18943,"{'lat': 32.798883, 'lng': 35.001721}"
18947,"{'lat': 32.810307, 'lng': 34.998471}"
18971,"{'lat': 32.822693, 'lng': 34.97279}"
18988,"{'lat': 32.798597, 'lng': 34.967092}"
18991,"{'lat': 32.826505, 'lng': 34.960223}"
18999,"{'lat': 32.804964, 'lng': 34.977841}"
19000,"{'lat': 32.803369, 'lng': 34.97915}"
19009,"{'lat': 32.822192, 'lng': 34.956539}"
19017,"{'lat': 32.819871, 'lng': 34.975013}"
19034,"{'lat': 32.765517, 'lng': 34.990067}"
19036,"{'lat': 32.766638, 'lng': 34.987517}"
19054,"{'lat': 32.794717, 'lng': 34.967112}"
19257,"{'lat': 32.767141, 'lng': 35.007395}"
19922,"{'lat': 32.817811, 'lng': 35.076952}"
19471,"{'lat': 32.803268, 'lng': 35.046074}"
19519,"{'lat': 32.778341, 'lng': 34.991198}"
19548,"{'lat': 32.820717, 'lng': 35.062444}"
19550,"{'lat': 32.821611, 'lng': 35.078235}"
19595,"{'lat': 32.78654, 'lng': 34.996892}"
19486,"{'lat': 32.808347, 'lng': 34.976741}"
19485,"{'lat': 32.80774, 'lng': 34.978332}"
19621,"{'lat': 32.793217, 'lng': 35.007487}"
21493,"{'lat': 32.791908, 'lng': 35.022855}"
21505,"{'lat': 32.817357, 'lng': 34.984233}"
21509,"{'lat': 32.81745, 'lng': 34.972888}"
21510,"{'lat': 32.817941, 'lng': 34.970497}"
21513,"{'lat': 32.789717, 'lng': 35.0206}"
21528,"{'lat': 32.793473, 'lng': 35.019224}"
21529,"{'lat': 32.803012, 'lng': 34.989401}"
21534,"{'lat': 32.826412, 'lng': 34.983548}"
21549,"{'lat': 32.80867, 'lng': 35.055084}"
21561,"{'lat': 32.799034, 'lng': 35.011981}"
21572,"{'lat': 32.815116, 'lng': 35.065187}"
21612,"{'lat': 32.810791, 'lng': 35.069965}"
21642,"{'lat': 32.790251, 'lng': 35.024051}"
20500,"{'lat': 32.816689, 'lng': 35.052406}"
20002,"{'lat': 32.827193, 'lng': 34.983527}"
19079,"{'lat': 32.81772, 'lng': 34.959291}"
20077,"{'lat': 32.829038, 'lng': 34.980635}"
20641,"{'lat': 32.834335, 'lng': 34.98499}"
20826,"{'lat': 32.784069, 'lng': 35.015906}"
20827,"{'lat': 32.784004, 'lng': 35.015981}"
20836,"{'lat': 32.819567, 'lng': 34.999619}"
20839,"{'lat': 32.819061, 'lng': 34.996345}"
20843,"{'lat': 32.826821, 'lng': 34.983675}"
20851,"{'lat': 32.832645, 'lng': 34.983883}"
20865,"{'lat': 32.830808, 'lng': 34.985542}"
31775,"{'lat': 32.78046, 'lng': 35.001898}"
18464,"{'lat': 32.820881, 'lng': 34.991005}"
18296,"{'lat': 32.788827, 'lng': 34.993087}"
18304,"{'lat': 32.787393, 'lng': 34.998088}"
18333,"{'lat': 32.805062, 'lng': 34.980846}"
18339,"{'lat': 32.812224, 'lng': 34.97099}"
18370,"{'lat': 32.81311, 'lng': 34.981533}"
18382,"{'lat': 32.81371, 'lng': 34.974127}"
21206,"{'lat': 32.807791, 'lng': 34.963586}"
18348,"{'lat': 32.817948, 'lng': 34.963603}"
18448,"{'lat': 32.824039, 'lng': 34.982197}"
18410,"{'lat': 32.819319, 'lng': 34.983858}"
18340,"{'lat': 32.816314, 'lng': 34.963507}"
21364,"{'lat': 32.792925, 'lng': 35.021997}"
21442,"{'lat': 32.795636, 'lng': 35.01878}"
21457,"{'lat': 32.823325, 'lng': 34.973151}"
21463,"{'lat': 32.823181, 'lng': 34.986985}"
21464,"{'lat': 32.822927, 'lng': 34.987575}"
21467,"{'lat': 32.827696, 'lng': 34.983745}"
21475,"{'lat': 32.775524, 'lng': 34.991332}"
7548,"{'lat': 32.812888, 'lng': 34.995109}"
19216,"{'lat': 32.778902, 'lng': 34.986257}"
22046,"{'lat': 32.816057, 'lng': 35.053369}"
21732,"{'lat': 32.799941, 'lng': 35.050668}"
18314,"{'lat': 32.797593, 'lng': 34.981135}"
21764,"{'lat': 32.815175, 'lng': 35.001834}"
21786,"{'lat': 32.837014, 'lng': 35.06045}"
18609,"{'lat': 32.828638, 'lng': 35.059941}"
18567,"{'lat': 32.796116, 'lng': 35.01824}"
18568,"{'lat': 32.797658, 'lng': 35.01779}"
18556,"{'lat': 32.794364, 'lng': 35.018336}"
18477,"{'lat': 32.776671, 'lng': 35.006597}"
18486,"{'lat': 32.768668, 'lng': 35.002911}"
18321,"{'lat': 32.810748, 'lng': 34.958816}"
18488,"{'lat': 32.768199, 'lng': 34.994902}"
18298,"{'lat': 32.784475, 'lng': 34.99638}"
18323,"{'lat': 32.811872, 'lng': 34.956442}"
18369,"{'lat': 32.81117, 'lng': 34.983355}"
18404,"{'lat': 32.820366, 'lng': 34.974378}"
18392,"{'lat': 32.825313, 'lng': 34.969654}"
18398,"{'lat': 32.815795, 'lng': 34.97695}"
18426,"{'lat': 32.80561, 'lng': 34.997969}"
18422,"{'lat': 32.808348, 'lng': 34.989822}"
18367,"{'lat': 32.810535, 'lng': 34.983812}"
18501,"{'lat': 32.774821, 'lng': 35.025592}"
18550,"{'lat': 32.803813, 'lng': 34.998996}"
18743,"{'lat': 32.78445, 'lng': 35.031291}"
18748,"{'lat': 32.805826, 'lng': 35.056547}"
18773,"{'lat': 32.761979, 'lng': 35.01833}"
18783,"{'lat': 32.788197, 'lng': 35.028313}"
18832,"{'lat': 32.801865, 'lng': 35.00158}"
18835,"{'lat': 32.807326, 'lng': 35.015469}"
18895,"{'lat': 32.790039, 'lng': 35.011654}"
18909,"{'lat': 32.803655, 'lng': 34.996989}"
18813,"{'lat': 32.801729, 'lng': 34.990432}"
18578,"{'lat': 32.816049, 'lng': 34.999401}"
18580,"{'lat': 32.815996, 'lng': 35.00104}"
18797,"{'lat': 32.820952, 'lng': 34.996885}"
19286,"{'lat': 32.794157, 'lng': 35.020619}"
19300,"{'lat': 32.803794, 'lng': 34.995792}"
19309,"{'lat': 32.77802, 'lng': 34.985338}"
19313,"{'lat': 32.799029, 'lng': 35.002374}"
19588,"{'lat': 32.817909, 'lng': 34.987597}"
19324,"{'lat': 32.805327, 'lng': 34.964662}"
19334,"{'lat': 32.805901, 'lng': 34.991942}"
19367,"{'lat': 32.812713, 'lng': 35.065344}"
19922,"{'lat': 32.817811, 'lng': 35.076952}"
19400,"{'lat': 32.785962, 'lng': 35.019031}"
19436,"{'lat': 32.801292, 'lng': 34.998521}"
19443,"{'lat': 32.80385, 'lng': 35.000753}"
19445,"{'lat': 32.799071, 'lng': 35.002388}"
19451,"{'lat': 32.804806, 'lng': 34.992594}"
21474,"{'lat': 32.778545, 'lng': 34.983282}"
32245,"{'lat': 32.76271, 'lng': 35.016231}"
18992,"{'lat': 32.829245, 'lng': 34.974543}"
7484,"{'lat': 32.822344, 'lng': 34.997205}"
7486,"{'lat': 32.793601, 'lng': 34.957351}"
32243,"{'lat': 32.76309, 'lng': 35.015765}"
18913,"{'lat': 32.807425, 'lng': 35.008139}"
19937,"{'lat': 32.785796, 'lng': 34.983099}"
20059,"{'lat': 32.778905, 'lng': 35.01965}"
20131,"{'lat': 32.808136, 'lng': 35.001548}"
20150,"{'lat': 32.758795, 'lng': 35.021832}"
20208,"{'lat': 32.810554, 'lng': 35.001759}"
20212,"{'lat': 32.815982, 'lng': 34.996709}"
20216,"{'lat': 32.831159, 'lng': 34.967522}"
20281,"{'lat': 32.81759, 'lng': 35.071565}"
20305,"{'lat': 32.773372, 'lng': 35.00575}"
20054,"{'lat': 32.793287, 'lng': 35.034172}"
20479,"{'lat': 32.78898, 'lng': 35.011598}"
20480,"{'lat': 32.791391, 'lng': 35.00964}"
20481,"{'lat': 32.792594, 'lng': 35.008055}"
20482,"{'lat': 32.793385, 'lng': 35.006277}"
20483,"{'lat': 32.805192, 'lng': 35.048096}"
20484,"{'lat': 32.804831, 'lng': 35.04772}"
22016,"{'lat': 32.824064, 'lng': 34.985174}"
21727,"{'lat': 32.793939, 'lng': 34.959595}"
21765,"{'lat': 32.821271, 'lng': 34.996589}"
22001,"{'lat': 32.791802, 'lng': 35.034328}"
17666,"{'lat': 32.766718, 'lng': 34.982667}"
17686,"{'lat': 32.783336, 'lng': 35.008403}"
17720,"{'lat': 32.810073, 'lng': 35.068849}"
17728,"{'lat': 32.805039, 'lng': 35.004109}"
17751,"{'lat': 32.776038, 'lng': 35.027229}"
19836,"{'lat': 32.80685, 'lng': 34.966857}"
19764,"{'lat': 32.791597, 'lng': 35.019109}"
19955,"{'lat': 32.784963, 'lng': 35.022273}"
18829,"{'lat': 32.819931, 'lng': 34.984418}"
19893,"{'lat': 32.805461, 'lng': 35.017903}"
20437,"{'lat': 32.807488, 'lng': 35.035908}"
19823,"{'lat': 32.803142, 'lng': 35.046061}"
19887,"{'lat': 32.804741, 'lng': 34.971408}"
19663,"{'lat': 32.783974, 'lng': 35.025922}"
19979,"{'lat': 32.819325, 'lng': 35.072621}"
18618,"{'lat': 32.8184, 'lng': 35.068638}"
19970,"{'lat': 32.76728, 'lng': 34.992679}"
19969,"{'lat': 32.766055, 'lng': 34.984751}"
19965,"{'lat': 32.765392, 'lng': 34.986746}"
19926,"{'lat': 32.812492, 'lng': 34.997643}"
19992,"{'lat': 32.841363, 'lng': 35.07166}"
20549,"{'lat': 32.804548, 'lng': 34.957371}"
20552,"{'lat': 32.800466, 'lng': 34.95729}"
20553,"{'lat': 32.802379, 'lng': 34.957444}"
19196,"{'lat': 32.794362, 'lng': 34.965533}"
20647,"{'lat': 32.788088, 'lng': 34.957763}"
20679,"{'lat': 32.784875, 'lng': 34.982767}"
18777,"{'lat': 32.775672, 'lng': 35.027211}"
18598,"{'lat': 32.821881, 'lng': 35.070428}"
18597,"{'lat': 32.827409, 'lng': 35.062695}"
18387,"{'lat': 32.821022, 'lng': 34.966299}"
18294,"{'lat': 32.785237, 'lng': 34.986546}"
18517,"{'lat': 32.78705, 'lng': 35.012148}"
18587,"{'lat': 32.820268, 'lng': 35.069227}"
18757,"{'lat': 32.774967, 'lng': 35.022809}"
18785,"{'lat': 32.775517, 'lng': 35.027302}"
18815,"{'lat': 32.800653, 'lng': 34.994685}"
19068,"{'lat': 32.796259, 'lng': 34.990208}"
19104,"{'lat': 32.787182, 'lng': 34.984546}"
19242,"{'lat': 32.774713, 'lng': 34.992776}"
19241,"{'lat': 32.781658, 'lng': 34.989768}"
19192,"{'lat': 32.820732, 'lng': 35.062455}"
19194,"{'lat': 32.794363, 'lng': 34.965553}"
18747,"{'lat': 32.793252, 'lng': 35.038897}"
18560,"{'lat': 32.800187, 'lng': 35.009913}"
19397,"{'lat': 32.815734, 'lng': 34.98203}"
19790,"{'lat': 32.804369, 'lng': 35.001323}"
19814,"{'lat': 32.822862, 'lng': 35.066995}"
19815,"{'lat': 32.824258, 'lng': 35.068591}"
19820,"{'lat': 32.818358, 'lng': 35.054234}"
19821,"{'lat': 32.819913, 'lng': 35.055669}"
19824,"{'lat': 32.806797, 'lng': 35.036283}"
19837,"{'lat': 32.805563, 'lng': 34.96947}"
19840,"{'lat': 32.825733, 'lng': 35.07019}"
19859,"{'lat': 32.801112, 'lng': 34.985362}"
19861,"{'lat': 32.78561, 'lng': 35.007794}"
19864,"{'lat': 32.773296, 'lng': 35.011348}"
19871,"{'lat': 32.773449, 'lng': 35.011198}"
19872,"{'lat': 32.776033, 'lng': 35.01386}"
19876,"{'lat': 32.806268, 'lng': 34.967895}"
18511,"{'lat': 32.783795, 'lng': 35.022312}"
19153,"{'lat': 32.784151, 'lng': 35.000058}"
18606,"{'lat': 32.833549, 'lng': 35.060253}"
18551,"{'lat': 32.796975, 'lng': 35.007149}"
18515,"{'lat': 32.786283, 'lng': 35.022387}"
18540,"{'lat': 32.787468, 'lng': 35.020424}"
18534,"{'lat': 32.790075, 'lng': 35.016244}"
19922,"{'lat': 32.817811, 'lng': 35.076952}"
18459,"{'lat': 32.832066, 'lng': 34.981408}"
18525,"{'lat': 32.797366, 'lng': 34.999504}"
18384,"{'lat': 32.820407, 'lng': 34.967698}"
18301,"{'lat': 32.789732, 'lng': 34.99743}"
18825,"{'lat': 32.832198, 'lng': 34.977349}"
18837,"{'lat': 32.800064, 'lng': 35.02175}"
19624,"{'lat': 32.798083, 'lng': 35.000688}"
19109,"{'lat': 32.796262, 'lng': 34.999008}"
19112,"{'lat': 32.792924, 'lng': 34.991258}"
19113,"{'lat': 32.789274, 'lng': 34.992177}"
19147,"{'lat': 32.806305, 'lng': 35.038694}"
19148,"{'lat': 32.806179, 'lng': 35.039253}"
19154,"{'lat': 32.784711, 'lng': 34.999342}"
19156,"{'lat': 32.784554, 'lng': 34.999015}"
19184,"{'lat': 32.789643, 'lng': 34.992089}"
19182,"{'lat': 32.821388, 'lng': 34.971612}"
19186,"{'lat': 32.793013, 'lng': 34.9912}"
19190,"{'lat': 32.799494, 'lng': 34.989575}"
19523,"{'lat': 32.778964, 'lng': 34.997919}"
19788,"{'lat': 32.82613, 'lng': 35.062469}"
19789,"{'lat': 32.826146, 'lng': 35.062345}"
19792,"{'lat': 32.806769, 'lng': 35.001161}"
19795,"{'lat': 32.787056, 'lng': 35.016164}"
19809,"{'lat': 32.818311, 'lng': 34.997643}"
19813,"{'lat': 32.824963, 'lng': 35.062959}"
19816,"{'lat': 32.824119, 'lng': 35.064426}"
19822,"{'lat': 32.822509, 'lng': 35.057912}"
19830,"{'lat': 32.813954, 'lng': 35.001792}"
19838,"{'lat': 32.796023, 'lng': 35.014411}"
19839,"{'lat': 32.822735, 'lng': 35.067073}"
19841,"{'lat': 32.824093, 'lng': 35.071889}"
19844,"{'lat': 32.819481, 'lng': 35.07342}"
19851,"{'lat': 32.796517, 'lng': 34.977912}"
19853,"{'lat': 32.798356, 'lng': 34.974507}"
19855,"{'lat': 32.796988, 'lng': 34.973678}"
19856,"{'lat': 32.794849, 'lng': 34.976114}"
19858,"{'lat': 32.796323, 'lng': 34.982665}"
19860,"{'lat': 32.782661, 'lng': 35.008563}"
19866,"{'lat': 32.775167, 'lng': 35.006464}"
19867,"{'lat': 32.776036, 'lng': 35.005847}"
19868,"{'lat': 32.776667, 'lng': 35.004649}"
19875,"{'lat': 32.801784, 'lng': 34.983475}"
19877,"{'lat': 32.806133, 'lng': 34.969128}"
7479,"{'lat': 32.824941, 'lng': 35.064244}"
7480,"{'lat': 32.793877, 'lng': 35.03709}"
7481,"{'lat': 32.809563, 'lng': 35.054482}"
7485,"{'lat': 32.830454, 'lng': 34.981878}"
17718,"{'lat': 32.795454, 'lng': 35.02183}"
18405,"{'lat': 32.823069, 'lng': 34.971968}"
18445,"{'lat': 32.827776, 'lng': 34.976005}"
18454,"{'lat': 32.828956, 'lng': 34.978503}"
18527,"{'lat': 32.795419, 'lng': 35.008917}"
19372,"{'lat': 32.830391, 'lng': 34.970092}"
19865,"{'lat': 32.77516, 'lng': 35.007867}"
18411,"{'lat': 32.83019, 'lng': 34.975495}"
18420,"{'lat': 32.826993, 'lng': 34.975597}"
18450,"{'lat': 32.828895, 'lng': 34.976868}"
18842,"{'lat': 32.809274, 'lng': 35.024373}"
18984,"{'lat': 32.82798, 'lng': 34.978086}"
19520,"{'lat': 32.776784, 'lng': 34.993929}"
19686,"{'lat': 32.796573, 'lng': 34.980868}"
19715,"{'lat': 32.827746, 'lng': 34.973801}"
21758,"{'lat': 32.816315, 'lng': 35.003292}"
22045,"{'lat': 32.806573, 'lng': 34.960915}"
22013,"{'lat': 32.822993, 'lng': 34.967451}"
17977,"{'lat': 32.788901, 'lng': 34.992993}"
18931,"{'lat': 32.792611, 'lng': 34.989881}"
18935,"{'lat': 32.809996, 'lng': 34.990018}"
18938,"{'lat': 32.792576, 'lng': 34.987547}"
18941,"{'lat': 32.814043, 'lng': 34.991228}"
18945,"{'lat': 32.796326, 'lng': 34.978977}"
18948,"{'lat': 32.81067, 'lng': 35.069709}"
18959,"{'lat': 32.818198, 'lng': 34.97421}"
18969,"{'lat': 32.822859, 'lng': 34.959417}"
18970,"{'lat': 32.823049, 'lng': 34.973706}"
18985,"{'lat': 32.784087, 'lng': 35.003844}"
18994,"{'lat': 32.804058, 'lng': 34.974225}"
19003,"{'lat': 32.809164, 'lng': 35.020239}"
19031,"{'lat': 32.810609, 'lng': 34.993025}"
19032,"{'lat': 32.809815, 'lng': 34.994436}"
19033,"{'lat': 32.766882, 'lng': 34.993007}"
19045,"{'lat': 32.816973, 'lng': 34.978933}"
19052,"{'lat': 32.808958, 'lng': 34.961897}"
19271,"{'lat': 32.825261, 'lng': 34.969911}"
19275,"{'lat': 32.8212, 'lng': 34.983866}"
19143,"{'lat': 32.806552, 'lng': 34.960821}"
19720,"{'lat': 32.802782, 'lng': 34.97389}"
19874,"{'lat': 32.802327, 'lng': 34.981645}"
19818,"{'lat': 32.818381, 'lng': 35.055154}"
19817,"{'lat': 32.816714, 'lng': 35.051674}"
19673,"{'lat': 32.776353, 'lng': 35.002685}"
19880,"{'lat': 32.775742, 'lng': 35.008747}"
18599,"{'lat': 32.82104, 'lng': 35.070476}"
18328,"{'lat': 32.79928, 'lng': 34.988155}"
18774,"{'lat': 32.777796, 'lng': 35.009902}"
18827,"{'lat': 32.827804, 'lng': 34.984682}"
19191,"{'lat': 32.79418, 'lng': 35.018054}"
19095,"{'lat': 32.782061, 'lng': 35.013235}"
18490,"{'lat': 32.779701, 'lng': 35.005857}"
19922,"{'lat': 32.817811, 'lng': 35.076952}"
18386,"{'lat': 32.820689, 'lng': 34.969394}"
18817,"{'lat': 32.821461, 'lng': 34.966614}"
19666,"{'lat': 32.791599, 'lng': 35.019498}"
19667,"{'lat': 32.780701, 'lng': 35.000175}"
19670,"{'lat': 32.785342, 'lng': 34.992605}"
19793,"{'lat': 32.805856, 'lng': 35.000762}"
19819,"{'lat': 32.814466, 'lng': 35.062152}"
19843,"{'lat': 32.817784, 'lng': 35.069688}"
19852,"{'lat': 32.797163, 'lng': 34.976675}"
19854,"{'lat': 32.796312, 'lng': 34.978921}"
19857,"{'lat': 32.795258, 'lng': 34.978522}"
19748,"{'lat': 32.763838, 'lng': 35.015947}"
19712,"{'lat': 32.827283, 'lng': 34.969353}"
19917,"{'lat': 32.807116, 'lng': 34.985906}"
19928,"{'lat': 32.812707, 'lng': 34.996156}"
19929,"{'lat': 32.813374, 'lng': 34.995925}"
19932,"{'lat': 32.77689, 'lng': 34.984786}"
19938,"{'lat': 32.775416, 'lng': 34.993709}"
19961,"{'lat': 32.767988, 'lng': 35.001693}"
20017,"{'lat': 32.820969, 'lng': 34.97334}"
20032,"{'lat': 32.797878, 'lng': 35.016909}"
20042,"{'lat': 32.761581, 'lng': 35.018848}"
20043,"{'lat': 32.760553, 'lng': 35.020055}"
20052,"{'lat': 32.799911, 'lng': 35.050728}"
20058,"{'lat': 32.790386, 'lng': 35.020165}"
20064,"{'lat': 32.791762, 'lng': 35.009996}"
20075,"{'lat': 32.832169, 'lng': 34.978779}"
20079,"{'lat': 32.815524, 'lng': 35.074833}"
20146,"{'lat': 32.813519, 'lng': 35.003303}"
20117,"{'lat': 32.784998, 'lng': 35.017355}"
20124,"{'lat': 32.817405, 'lng': 34.974695}"
20129,"{'lat': 32.81204, 'lng': 34.999064}"
20134,"{'lat': 32.804714, 'lng': 35.004461}"
20138,"{'lat': 32.774989, 'lng': 34.99075}"
20143,"{'lat': 32.786326, 'lng': 34.982104}"
20147,"{'lat': 32.820313, 'lng': 34.993538}"
20149,"{'lat': 32.824114, 'lng': 34.99245}"
20152,"{'lat': 32.818514, 'lng': 34.971338}"
20156,"{'lat': 32.798515, 'lng': 35.015728}"
20157,"{'lat': 32.779025, 'lng': 35.002681}"
20175,"{'lat': 32.828952, 'lng': 34.971863}"
20957,"{'lat': 32.809901, 'lng': 35.070734}"
18455,"{'lat': 32.831654, 'lng': 34.985132}"
18435,"{'lat': 32.804715, 'lng': 34.9963}"
18293,"{'lat': 32.787193, 'lng': 34.988849}"
18364,"{'lat': 32.801737, 'lng': 34.990347}"
18467,"{'lat': 32.818557, 'lng': 34.997659}"
18311,"{'lat': 32.796049, 'lng': 34.987089}"
18329,"{'lat': 32.800678, 'lng': 34.98642}"
18893,"{'lat': 32.793133, 'lng': 35.007699}"
18394,"{'lat': 32.827514, 'lng': 34.963818}"
19638,"{'lat': 32.831094, 'lng': 34.970952}"
18345,"{'lat': 32.817107, 'lng': 34.959555}"
18446,"{'lat': 32.826836, 'lng': 34.978749}"
21361,"{'lat': 32.792795, 'lng': 35.011881}"
21363,"{'lat': 32.79652, 'lng': 35.017779}"
21365,"{'lat': 32.787469, 'lng': 35.013103}"
21368,"{'lat': 32.790432, 'lng': 35.024701}"
21439,"{'lat': 32.795979, 'lng': 34.988558}"
21440,"{'lat': 32.830744, 'lng': 34.982832}"
21456,"{'lat': 32.815448, 'lng': 34.989645}"
21458,"{'lat': 32.802918, 'lng': 35.001125}"
21465,"{'lat': 32.824541, 'lng': 34.984383}"
21466,"{'lat': 32.824492, 'lng': 34.984276}"
21472,"{'lat': 32.792509, 'lng': 35.00912}"
21473,"{'lat': 32.785147, 'lng': 35.011977}"
21477,"{'lat': 32.764862, 'lng': 34.981423}"
20038,"{'lat': 32.802932, 'lng': 35.053345}"
20301,"{'lat': 32.770985, 'lng': 35.007883}"
20148,"{'lat': 32.797698, 'lng': 34.962122}"
20491,"{'lat': 32.776439, 'lng': 34.991444}"
20639,"{'lat': 32.78633, 'lng': 35.024726}"
18533,"{'lat': 32.792596, 'lng': 35.013759}"
18537,"{'lat': 32.795556, 'lng': 35.010902}"
18423,"{'lat': 32.804655, 'lng': 34.992444}"
18299,"{'lat': 32.783156, 'lng': 34.997133}"
18524,"{'lat': 32.801955, 'lng': 34.99517}"
18403,"{'lat': 32.81228, 'lng': 34.990322}"
18430,"{'lat': 32.811721, 'lng': 34.99063}"
18373,"{'lat': 32.799968, 'lng': 34.994942}"
18545,"{'lat': 32.80382, 'lng': 34.998996}"
18366,"{'lat': 32.800501, 'lng': 34.994909}"
18566,"{'lat': 32.795936, 'lng': 35.015809}"
18771,"{'lat': 32.777132, 'lng': 35.019846}"
18819,"{'lat': 32.81984, 'lng': 34.98441}"
18822,"{'lat': 32.812845, 'lng': 34.988512}"
18828,"{'lat': 32.818928, 'lng': 34.98809}"
19272,"{'lat': 32.819218, 'lng': 34.984061}"
18796,"{'lat': 32.821458, 'lng': 34.990856}"
18845,"{'lat': 32.817325, 'lng': 35.048109}"
18594,"{'lat': 32.830712, 'lng': 35.058481}"
18588,"{'lat': 32.832682, 'lng': 35.052985}"
18475,"{'lat': 32.787224, 'lng': 34.999895}"
19303,"{'lat': 32.778894, 'lng': 34.986267}"
19304,"{'lat': 32.780859, 'lng': 34.983423}"
19305,"{'lat': 32.780789, 'lng': 34.982056}"
19316,"{'lat': 32.810999, 'lng': 35.069147}"
19327,"{'lat': 32.837796, 'lng': 35.056541}"
19331,"{'lat': 32.804705, 'lng': 35.003251}"
19332,"{'lat': 32.767037, 'lng': 34.9968}"
19333,"{'lat': 32.775406, 'lng': 35.001508}"
19340,"{'lat': 32.818375, 'lng': 34.956053}"
19358,"{'lat': 32.773846, 'lng': 35.010224}"
19366,"{'lat': 32.811986, 'lng': 35.066437}"
19374,"{'lat': 32.78699, 'lng': 34.997477}"
19375,"{'lat': 32.800603, 'lng': 34.982952}"
19381,"{'lat': 32.783083, 'lng': 34.993507}"
19382,"{'lat': 32.780493, 'lng': 34.995981}"
19384,"{'lat': 32.777376, 'lng': 35.013121}"
19386,"{'lat': 32.816927, 'lng': 35.044932}"
19398,"{'lat': 32.813109, 'lng': 34.968502}"
19404,"{'lat': 32.794687, 'lng': 34.992828}"
19429,"{'lat': 32.806102, 'lng': 35.007637}"
19434,"{'lat': 32.779382, 'lng': 35.013236}"
19438,"{'lat': 32.773304, 'lng': 35.012835}"
19439,"{'lat': 32.773076, 'lng': 35.012144}"
19442,"{'lat': 32.794815, 'lng': 34.992603}"
19197,"{'lat': 32.790395, 'lng': 35.022148}"
19060,"{'lat': 32.810071, 'lng': 34.95903}"
19070,"{'lat': 32.79615, 'lng': 34.988826}"
18514,"{'lat': 32.784288, 'lng': 35.024268}"
18539,"{'lat': 32.785519, 'lng': 35.020907}"
21678,"{'lat': 32.817858, 'lng': 35.07775}"
21679,"{'lat': 32.81554, 'lng': 35.074992}"
21790,"{'lat': 32.81758, 'lng': 35.056596}"
19145,"{'lat': 32.805599, 'lng': 34.981795}"
21689,"{'lat': 32.807398, 'lng': 35.008442}"
21724,"{'lat': 32.809663, 'lng': 34.998901}"
18840,"{'lat': 32.809067, 'lng': 35.015065}"
19265,"{'lat': 32.786107, 'lng': 35.003246}"
19185,"{'lat': 32.806847, 'lng': 34.980117}"
19170,"{'lat': 32.789652, 'lng': 35.003296}"
19069,"{'lat': 32.796081, 'lng': 34.991096}"
18878,"{'lat': 32.816618, 'lng': 34.986267}"
18824,"{'lat': 32.814026, 'lng': 34.992249}"
21974,"{'lat': 32.822142, 'lng': 34.989247}"
21975,"{'lat': 32.822742, 'lng': 34.98819}"
21976,"{'lat': 32.79522, 'lng': 35.020937}"
19061,"{'lat': 32.809231, 'lng': 34.959307}"
19102,"{'lat': 32.792317, 'lng': 35.015972}"
18297,"{'lat': 32.787137, 'lng': 34.993849}"
18542,"{'lat': 32.791839, 'lng': 35.016501}"
18830,"{'lat': 32.813257, 'lng': 34.994291}"
18482,"{'lat': 32.775141, 'lng': 35.009908}"
18313,"{'lat': 32.795857, 'lng': 34.97539}"
18415,"{'lat': 32.82307, 'lng': 34.980193}"
18453,"{'lat': 32.830341, 'lng': 34.975262}"
18518,"{'lat': 32.784093, 'lng': 35.013023}"
18562,"{'lat': 32.798279, 'lng': 35.013423}"
18600,"{'lat': 32.825405, 'lng': 35.069411}"
18363,"{'lat': 32.808905, 'lng': 34.985431}"
18286,"{'lat': 32.787773, 'lng': 34.991559}"
18742,"{'lat': 32.807304, 'lng': 35.015651}"
18770,"{'lat': 32.775091, 'lng': 35.027749}"
18795,"{'lat': 32.831067, 'lng': 34.985467}"
18820,"{'lat': 32.818892, 'lng': 34.987838}"
18836,"{'lat': 32.815671, 'lng': 35.039998}"
18839,"{'lat': 32.809057, 'lng': 35.014982}"
18844,"{'lat': 32.816623, 'lng': 35.042378}"
18756,"{'lat': 32.774955, 'lng': 35.025502}"
18334,"{'lat': 32.810261, 'lng': 34.974747}"
18283,"{'lat': 32.785322, 'lng': 34.994091}"
18371,"{'lat': 32.813999, 'lng': 34.980377}"
18790,"{'lat': 32.792691, 'lng': 35.03483}"
19124,"{'lat': 32.818829, 'lng': 34.991135}"
19140,"{'lat': 32.779426, 'lng': 34.988217}"
19169,"{'lat': 32.790805, 'lng': 35.003362}"
19187,"{'lat': 32.770729, 'lng': 35.007073}"
19198,"{'lat': 32.792474, 'lng': 35.020633}"
19200,"{'lat': 32.78907, 'lng': 34.98992}"
19203,"{'lat': 32.814231, 'lng': 34.961585}"
19211,"{'lat': 32.83117, 'lng': 34.970993}"
19212,"{'lat': 32.807356, 'lng': 34.986814}"
19244,"{'lat': 32.778353, 'lng': 34.991211}"
19245,"{'lat': 32.780019, 'lng': 34.990586}"
18263,"{'lat': 32.766849, 'lng': 35.004467}"
18268,"{'lat': 32.805415, 'lng': 34.958034}"
18279,"{'lat': 32.786788, 'lng': 34.989716}"
18281,"{'lat': 32.787767, 'lng': 34.986037}"
18284,"{'lat': 32.785813, 'lng': 34.98407}"
18502,"{'lat': 32.782159, 'lng': 35.015969}"
18509,"{'lat': 32.783007, 'lng': 35.023681}"
19074,"{'lat': 32.798883, 'lng': 34.967132}"
17850,"{'lat': 32.787056, 'lng': 35.029213}"
18276,"{'lat': 32.779961, 'lng': 34.992225}"
18030,"{'lat': 32.783308, 'lng': 34.970618}"
18500,"{'lat': 32.783413, 'lng': 35.019767}"
18508,"{'lat': 32.784018, 'lng': 35.021658}"
19619,"{'lat': 32.815833, 'lng': 34.977583}"
20648,"{'lat': 32.789367, 'lng': 34.958843}"
20576,"{'lat': 32.799997, 'lng': 35.00471}"
20645,"{'lat': 32.787454, 'lng': 34.960544}"
20282,"{'lat': 32.807251, 'lng': 34.959964}"
19863,"{'lat': 32.779051, 'lng': 35.007704}"
20302,"{'lat': 32.77139, 'lng': 35.007758}"
20303,"{'lat': 32.773153, 'lng': 35.008136}"
20551,"{'lat': 32.797751, 'lng': 34.957202}"
18274,"{'lat': 32.780316, 'lng': 34.99188}"
17753,"{'lat': 32.778518, 'lng': 35.027166}"
18549,"{'lat': 32.802566, 'lng': 35.000369}"
19065,"{'lat': 32.818689, 'lng': 34.957599}"
19057,"{'lat': 32.814253, 'lng': 34.957152}"
18522,"{'lat': 32.799353, 'lng': 34.996382}"
18330,"{'lat': 32.799937, 'lng': 34.994399}"
18814,"{'lat': 32.80502, 'lng': 34.98946}"
18326,"{'lat': 32.81357, 'lng': 34.959171}"
18811,"{'lat': 32.794757, 'lng': 34.97716}"
18812,"{'lat': 32.817255, 'lng': 34.967462}"
18356,"{'lat': 32.820107, 'lng': 34.959801}"
18378,"{'lat': 32.807946, 'lng': 34.990139}"
18439,"{'lat': 32.811565, 'lng': 34.992557}"
18521,"{'lat': 32.798632, 'lng': 34.998084}"
18523,"{'lat': 32.800316, 'lng': 34.999102}"
18610,"{'lat': 32.827941, 'lng': 35.060785}"
18614,"{'lat': 32.82854, 'lng': 35.062742}"
18312,"{'lat': 32.797348, 'lng': 34.97274}"
18841,"{'lat': 32.808912, 'lng': 35.019331}"
18282,"{'lat': 32.786581, 'lng': 34.992297}"
18838,"{'lat': 32.801997, 'lng': 35.019986}"
18833,"{'lat': 32.80442, 'lng': 35.002208}"
18821,"{'lat': 32.807712, 'lng': 34.994011}"
18818,"{'lat': 32.82196, 'lng': 34.964836}"
18554,"{'lat': 32.794757, 'lng': 35.016741}"
18553,"{'lat': 32.79709, 'lng': 35.012595}"
18347,"{'lat': 32.818031, 'lng': 34.960077}"
18528,"{'lat': 32.797497, 'lng': 35.007277}"
19444,"{'lat': 32.802049, 'lng': 35.002199}"
19473,"{'lat': 32.809295, 'lng': 34.990362}"
19481,"{'lat': 32.777394, 'lng': 35.012348}"
19504,"{'lat': 32.794313, 'lng': 34.993702}"
19505,"{'lat': 32.794351, 'lng': 34.993657}"
19516,"{'lat': 32.784841, 'lng': 34.979507}"
19549,"{'lat': 32.828161, 'lng': 35.069628}"
19573,"{'lat': 32.782721, 'lng': 35.025221}"
19614,"{'lat': 32.818522, 'lng': 34.976474}"
19618,"{'lat': 32.81829, 'lng': 34.970726}"
18419,"{'lat': 32.825478, 'lng': 34.977895}"
18374,"{'lat': 32.798599, 'lng': 34.98792}"
18362,"{'lat': 32.803464, 'lng': 34.986897}"
18608,"{'lat': 32.818774, 'lng': 35.07487}"
19026,"{'lat': 32.833364, 'lng': 35.052689}"
19053,"{'lat': 32.806589, 'lng': 34.963155}"
18917,"{'lat': 32.804591, 'lng': 34.987788}"
18585,"{'lat': 32.811691, 'lng': 35.071099}"
18617,"{'lat': 32.819498, 'lng': 35.061621}"
18416,"{'lat': 32.821334, 'lng': 34.981793}"
18531,"{'lat': 32.79571, 'lng': 35.008431}"
18535,"{'lat': 32.788506, 'lng': 35.017636}"
19059,"{'lat': 32.818593, 'lng': 34.957396}"
18902,"{'lat': 32.801565, 'lng': 34.979604}"
18548,"{'lat': 32.804741, 'lng': 35.000354}"
18904,"{'lat': 32.80204, 'lng': 34.978109}"
18946,"{'lat': 32.800888, 'lng': 34.981409}"
18442,"{'lat': 32.812463, 'lng': 34.994974}"
19067,"{'lat': 32.814563, 'lng': 34.956875}"
18989,"{'lat': 32.816104, 'lng': 34.964826}"
18993,"{'lat': 32.803272, 'lng': 34.975739}"
18519,"{'lat': 32.789008, 'lng': 35.015045}"
19273,"{'lat': 32.819084, 'lng': 34.982374}"
19274,"{'lat': 32.827521, 'lng': 34.969432}"
19281,"{'lat': 32.784017, 'lng': 35.00377}"
19289,"{'lat': 32.80908, 'lng': 35.026902}"
19301,"{'lat': 32.83643, 'lng': 35.066876}"
19326,"{'lat': 32.833393, 'lng': 35.053281}"
19328,"{'lat': 32.838776, 'lng': 35.0574}"
19329,"{'lat': 32.836017, 'lng': 35.054938}"
19364,"{'lat': 32.774819, 'lng': 35.013795}"
19365,"{'lat': 32.814361, 'lng': 35.062137}"
19385,"{'lat': 32.776306, 'lng': 35.013862}"
19387,"{'lat': 32.766852, 'lng': 34.990671}"
19388,"{'lat': 32.79097, 'lng': 34.962238}"
19396,"{'lat': 32.766863, 'lng': 34.985864}"
19415,"{'lat': 32.802263, 'lng': 34.997812}"
19625,"{'lat': 32.803731, 'lng': 34.999582}"
19627,"{'lat': 32.790888, 'lng': 34.958623}"
18458,"{'lat': 32.832046, 'lng': 34.980313}"
18601,"{'lat': 32.824914, 'lng': 35.071822}"
18607,"{'lat': 32.817728, 'lng': 35.076859}"
18563,"{'lat': 32.800254, 'lng': 35.011799}"
18346,"{'lat': 32.815098, 'lng': 34.960203}"
18358,"{'lat': 32.820481, 'lng': 34.958001}"
19062,"{'lat': 32.802535, 'lng': 34.966912}"
18536,"{'lat': 32.786473, 'lng': 35.019224}"
18552,"{'lat': 32.798143, 'lng': 35.009356}"
18877,"{'lat': 32.798907, 'lng': 34.999751}"
18906,"{'lat': 32.811386, 'lng': 34.968302}"
18335,"{'lat': 32.808391, 'lng': 34.97473}"
18987,"{'lat': 32.80277, 'lng': 34.966743}"
18434,"{'lat': 32.811206, 'lng': 34.994596}"
18495,"{'lat': 32.780313, 'lng': 35.008037}"
18491,"{'lat': 32.780488, 'lng': 35.009674}"
18564,"{'lat': 32.798641, 'lng': 35.01134}"
18510,"{'lat': 32.78307, 'lng': 35.023575}"
18939,"{'lat': 32.817567, 'lng': 34.99414}"
19264,"{'lat': 32.786957, 'lng': 35.005438}"
19266,"{'lat': 32.78479, 'lng': 35.004872}"
19276,"{'lat': 32.824751, 'lng': 34.98431}"
19290,"{'lat': 32.817857, 'lng': 34.982957}"
19306,"{'lat': 32.77962, 'lng': 34.981414}"
19307,"{'lat': 32.777962, 'lng': 34.983784}"
19314,"{'lat': 32.801687, 'lng': 35.002379}"
19315,"{'lat': 32.803917, 'lng': 35.000629}"
19322,"{'lat': 32.812814, 'lng': 34.979786}"
19323,"{'lat': 32.805201, 'lng': 34.964823}"
19339,"{'lat': 32.814229, 'lng': 34.956131}"
19371,"{'lat': 32.773871, 'lng': 35.004095}"
19383,"{'lat': 32.802201, 'lng': 34.991293}"
19399,"{'lat': 32.813895, 'lng': 34.967118}"
19616,"{'lat': 32.800281, 'lng': 35.007404}"
21492,"{'lat': 32.777448, 'lng': 35.005548}"
21716,"{'lat': 32.823085, 'lng': 35.058902}"
21735,"{'lat': 32.793327, 'lng': 35.038861}"
17956,"{'lat': 32.815263, 'lng': 35.053071}"
21729,"{'lat': 32.831056, 'lng': 35.063928}"
21558,"{'lat': 32.805728, 'lng': 35.008908}"
21460,"{'lat': 32.807817, 'lng': 35.001821}"
21469,"{'lat': 32.802774, 'lng': 35.008965}"
21471,"{'lat': 32.809751, 'lng': 34.99932}"
21614,"{'lat': 32.830635, 'lng': 34.968448}"
21687,"{'lat': 32.798717, 'lng': 35.018116}"
21690,"{'lat': 32.806795, 'lng': 35.008529}"
21715,"{'lat': 32.828185, 'lng': 35.063038}"
21720,"{'lat': 32.800872, 'lng': 35.013949}"
21734,"{'lat': 32.793391, 'lng': 35.038988}"
21791,"{'lat': 32.808636, 'lng': 35.061319}"
21769,"{'lat': 32.800075, 'lng': 35.013802}"
21691,"{'lat': 32.829553, 'lng': 34.979318}"
21726,"{'lat': 32.830322, 'lng': 34.984409}"
21468,"{'lat': 32.82752, 'lng': 34.983689}"
22209,"{'lat': 32.810507, 'lng': 34.960792}"
18469,"{'lat': 32.778439, 'lng': 34.998049}"
21507,"{'lat': 32.819528, 'lng': 34.980597}"
21562,"{'lat': 32.800608, 'lng': 34.967369}"
21675,"{'lat': 32.838067, 'lng': 35.066822}"
21688,"{'lat': 32.798693, 'lng': 35.018185}"
21693,"{'lat': 32.822537, 'lng': 34.956813}"
21695,"{'lat': 32.801862, 'lng': 34.95995}"
21719,"{'lat': 32.80234, 'lng': 35.013674}"
21721,"{'lat': 32.803376, 'lng': 35.010891}"
21768,"{'lat': 32.800676, 'lng': 35.012598}"
21792,"{'lat': 32.807859, 'lng': 35.057807}"
21508,"{'lat': 32.772064, 'lng': 35.003754}"
21731,"{'lat': 32.806059, 'lng': 35.056745}"
21978,"{'lat': 32.810842, 'lng': 35.069553}"
18589,"{'lat': 32.83144, 'lng': 35.054932}"
18493,"{'lat': 32.782204, 'lng': 35.009595}"
18816,"{'lat': 32.801395, 'lng': 34.993029}"
18393,"{'lat': 32.825964, 'lng': 34.962807}"
18428,"{'lat': 32.809676, 'lng': 34.993313}"
18438,"{'lat': 32.812734, 'lng': 34.99181}"
18466,"{'lat': 32.819265, 'lng': 34.995896}"
18573,"{'lat': 32.810359, 'lng': 34.999111}"
18575,"{'lat': 32.813078, 'lng': 35.000935}"
18843,"{'lat': 32.811931, 'lng': 35.038881}"
18380,"{'lat': 32.814436, 'lng': 34.976744}"
18611,"{'lat': 32.830209, 'lng': 35.058002}"
18834,"{'lat': 32.801627, 'lng': 35.020355}"
18604,"{'lat': 32.832036, 'lng': 35.055941}"
18823,"{'lat': 32.814452, 'lng': 34.985669}"
18772,"{'lat': 32.763103, 'lng': 35.016927}"
18775,"{'lat': 32.816266, 'lng': 35.003215}"
18789,"{'lat': 32.789432, 'lng': 35.030282}"
19433,"{'lat': 32.773464, 'lng': 34.991278}"
19467,"{'lat': 32.793388, 'lng': 35.038748}"
19507,"{'lat': 32.794802, 'lng': 34.995735}"
19508,"{'lat': 32.789613, 'lng': 34.96217}"
19513,"{'lat': 32.782433, 'lng': 34.987648}"
19514,"{'lat': 32.804361, 'lng': 34.987482}"
19524,"{'lat': 32.80276, 'lng': 35.007078}"
19525,"{'lat': 32.778649, 'lng': 34.980116}"
19541,"{'lat': 32.810497, 'lng': 35.004328}"
19544,"{'lat': 32.818497, 'lng': 35.06163}"
19574,"{'lat': 32.78272, 'lng': 35.0251}"
19582,"{'lat': 32.780328, 'lng': 35.002129}"
19583,"{'lat': 32.799217, 'lng': 35.014606}"
19589,"{'lat': 32.818395, 'lng': 34.986147}"
19617,"{'lat': 32.799425, 'lng': 35.009302}"
18544,"{'lat': 32.804261, 'lng': 34.996414}"
18526,"{'lat': 32.794811, 'lng': 35.006584}"
18409,"{'lat': 32.804312, 'lng': 34.996739}"
18472,"{'lat': 32.787914, 'lng': 34.99871}"
18389,"{'lat': 32.821336, 'lng': 34.964059}"
18474,"{'lat': 32.790327, 'lng': 34.999994}"
18300,"{'lat': 32.789345, 'lng': 34.996535}"
18612,"{'lat': 32.833012, 'lng': 35.059863}"
18590,"{'lat': 32.835544, 'lng': 35.054659}"
18583,"{'lat': 32.821131, 'lng': 35.056634}"
18593,"{'lat': 32.829142, 'lng': 35.058957}"
18880,"{'lat': 32.808374, 'lng': 34.992409}"
18930,"{'lat': 32.791031, 'lng': 34.986521}"
18958,"{'lat': 32.823079, 'lng': 35.058078}"
18990,"{'lat': 32.826024, 'lng': 34.959881}"
19064,"{'lat': 32.808702, 'lng': 34.959475}"
18317,"{'lat': 32.79989, 'lng': 34.98473}"
18574,"{'lat': 32.813436, 'lng': 34.998089}"
19010,"{'lat': 32.801887, 'lng': 34.983861}"
18595,"{'lat': 32.826643, 'lng': 35.060984}"
18484,"{'lat': 32.769873, 'lng': 35.006921}"
19037,"{'lat': 32.767658, 'lng': 34.996934}"
18383,"{'lat': 32.817613, 'lng': 34.970763}"
19035,"{'lat': 32.765525, 'lng': 34.985361}"
19639,"{'lat': 32.83177, 'lng': 34.974264}"
19640,"{'lat': 32.832132, 'lng': 34.975971}"
19760,"{'lat': 32.793854, 'lng': 34.959025}"
19664,"{'lat': 32.795387, 'lng': 35.013215}"
19687,"{'lat': 32.796765, 'lng': 34.984024}"
19694,"{'lat': 32.803665, 'lng': 34.996193}"
19733,"{'lat': 32.803464, 'lng': 35.010326}"
19739,"{'lat': 32.824329, 'lng': 34.960586}"
19747,"{'lat': 32.798436, 'lng': 35.02111}"
19758,"{'lat': 32.793323, 'lng': 34.959587}"
19761,"{'lat': 32.815718, 'lng': 35.001478}"
19763,"{'lat': 32.794776, 'lng': 35.019857}"
19773,"{'lat': 32.808728, 'lng': 34.960857}"
7547,"{'lat': 32.81501, 'lng': 34.997357}"
7552,"{'lat': 32.793323, 'lng': 35.032959}"
7553,"{'lat': 32.773857, 'lng': 35.026581}"
7546,"{'lat': 32.817405, 'lng': 34.99973}"
7545,"{'lat': 32.792978, 'lng': 35.032996}"
21807,"{'lat': 32.831627, 'lng': 35.065855}"
21557,"{'lat': 32.807391, 'lng': 34.962857}"
21694,"{'lat': 32.812443, 'lng': 34.956569}"
21767,"{'lat': 32.818631, 'lng': 35.000036}"
21461,"{'lat': 32.823392, 'lng': 34.992595}"
21455,"{'lat': 32.817959, 'lng': 35.000231}"
18506,"{'lat': 32.786, 'lng': 35.017527}"
18322,"{'lat': 32.810581, 'lng': 34.96061}"
21714,"{'lat': 32.827882, 'lng': 35.062708}"
21717,"{'lat': 32.823167, 'lng': 35.058932}"
18341,"{'lat': 32.815589, 'lng': 34.966681}"
21188,"{'lat': 32.758433, 'lng': 35.021152}"
21742,"{'lat': 32.815317, 'lng': 35.061638}"
21728,"{'lat': 32.793326, 'lng': 34.959922}"
21686,"{'lat': 32.79338, 'lng': 35.035184}"
21685,"{'lat': 32.792958, 'lng': 35.03426}"
22053,"{'lat': 32.789547, 'lng': 34.99615}"
18603,"{'lat': 32.83419, 'lng': 35.057513}"
22219,"{'lat': 32.813936, 'lng': 35.061528}"
21977,"{'lat': 32.796717, 'lng': 35.01917}"
19632,"{'lat': 32.790399, 'lng': 34.965228}"
18520,"{'lat': 32.789832, 'lng': 35.011941}"
18569,"{'lat': 32.801088, 'lng': 35.011011}"
18350,"{'lat': 32.817847, 'lng': 34.964666}"
18447,"{'lat': 32.825227, 'lng': 34.980759}"
18559,"{'lat': 32.798371, 'lng': 35.008938}"
18529,"{'lat': 32.796194, 'lng': 35.016229}"
18894,"{'lat': 32.791689, 'lng': 35.010063}"
18932,"{'lat': 32.808616, 'lng': 34.991322}"
18933,"{'lat': 32.807527, 'lng': 34.994425}"
18982,"{'lat': 32.78304, 'lng': 35.017645}"
18995,"{'lat': 32.804876, 'lng': 34.973577}"
19058,"{'lat': 32.817354, 'lng': 34.956275}"
19097,"{'lat': 32.837101, 'lng': 35.066703}"
18547,"{'lat': 32.807135, 'lng': 34.995565}"
18418,"{'lat': 32.823454, 'lng': 34.979916}"
18579,"{'lat': 32.813802, 'lng': 35.000518}"
18901,"{'lat': 32.802002, 'lng': 34.978253}"
19002,"{'lat': 32.807473, 'lng': 35.001121}"
18937,"{'lat': 32.807454, 'lng': 35.000618}"
19001,"{'lat': 32.802726, 'lng': 34.980587}"
18986,"{'lat': 32.782419, 'lng': 34.963}"
19633,"{'lat': 32.793966, 'lng': 35.022151}"
19641,"{'lat': 32.819698, 'lng': 34.969943}"
19669,"{'lat': 32.785982, 'lng': 34.991337}"
19671,"{'lat': 32.779497, 'lng': 34.999852}"
19692,"{'lat': 32.791965, 'lng': 34.99239}"
19693,"{'lat': 32.816173, 'lng': 34.963154}"
19716,"{'lat': 32.784333, 'lng': 35.008701}"
19719,"{'lat': 32.804774, 'lng': 34.970388}"
19729,"{'lat': 32.797746, 'lng': 35.014725}"
19731,"{'lat': 32.777935, 'lng': 34.98636}"
19738,"{'lat': 32.824335, 'lng': 34.960595}"
19745,"{'lat': 32.776611, 'lng': 35.020378}"
19757,"{'lat': 32.79034, 'lng': 34.961343}"
19759,"{'lat': 32.793327, 'lng': 34.958984}"
19762,"{'lat': 32.813444, 'lng': 34.977835}"
19774,"{'lat': 32.805123, 'lng': 34.983275}"
7549,"{'lat': 32.809557, 'lng': 34.991951}"
7550,"{'lat': 32.807328, 'lng': 34.990044}"
7551,"{'lat': 32.805012, 'lng': 34.987665}"
7554,"{'lat': 32.76328, 'lng': 35.016414}"
18408,"{'lat': 32.815648, 'lng': 34.988764}"
18908,"{'lat': 32.817294, 'lng': 34.978258}"
18584,"{'lat': 32.82404, 'lng': 35.058729}"
18561,"{'lat': 32.79565, 'lng': 35.016804}"
21362,"{'lat': 32.791879, 'lng': 35.012955}"
18616,"{'lat': 32.836235, 'lng': 35.067615}"
21462,"{'lat': 32.821649, 'lng': 34.990732}"
21470,"{'lat': 32.804835, 'lng': 35.003294}"
21476,"{'lat': 32.782173, 'lng': 34.996186}"
21499,"{'lat': 32.7906, 'lng': 35.0206}"
21574,"{'lat': 32.833364, 'lng': 35.069718}"
21583,"{'lat': 32.778459, 'lng': 35.003729}"
21603,"{'lat': 32.789289, 'lng': 35.008852}"
21616,"{'lat': 32.787234, 'lng': 35.003832}"
21639,"{'lat': 32.79994, 'lng': 35.013637}"
18492,"{'lat': 32.782303, 'lng': 35.008183}"
21682,"{'lat': 32.810328, 'lng': 35.069396}"
21730,"{'lat': 32.805962, 'lng': 35.056514}"
21692,"{'lat': 32.829082, 'lng': 34.963298}"
18349,"{'lat': 32.817664, 'lng': 34.961569}"
18262,"{'lat': 32.766465, 'lng': 34.998823}"
21722,"{'lat': 32.804774, 'lng': 35.004361}"
21613,"{'lat': 32.789448, 'lng': 35.028882}"
21838,"{'lat': 32.82903, 'lng': 34.963729}"
22037,"{'lat': 32.812849, 'lng': 34.960642}"
22057,"{'lat': 32.838485, 'lng': 35.058178}"
18354,"{'lat': 32.819933, 'lng': 34.961191}"
18494,"{'lat': 32.78158, 'lng': 35.00877}"
21527,"{'lat': 32.786598, 'lng': 35.009494}"
21573,"{'lat': 32.815065, 'lng': 35.065683}"
22058,"{'lat': 32.808515, 'lng': 34.962201}"
22036,"{'lat': 32.81285, 'lng': 34.960544}"
21713,"{'lat': 32.830549, 'lng': 35.063441}"
19522,"{'lat': 32.791637, 'lng': 34.969644}"
19628,"{'lat': 32.790104, 'lng': 34.959318}"
18277,"{'lat': 32.784187, 'lng': 34.986684}"
18280,"{'lat': 32.787025, 'lng': 34.985504}"
18291,"{'lat': 32.794242, 'lng': 34.985384}"
19480,"{'lat': 32.773719, 'lng': 35.013158}"
19482,"{'lat': 32.774269, 'lng': 35.01349}"
19512,"{'lat': 32.794301, 'lng': 34.998609}"
19515,"{'lat': 32.78583, 'lng': 34.983549}"
19518,"{'lat': 32.78485, 'lng': 34.979672}"
19570,"{'lat': 32.772626, 'lng': 35.005836}"
19593,"{'lat': 32.780938, 'lng': 35.009357}"
19594,"{'lat': 32.779287, 'lng': 35.009962}"
19630,"{'lat': 32.790996, 'lng': 34.964555}"
19484,"{'lat': 32.806369, 'lng': 34.980673}"
19636,"{'lat': 32.795779, 'lng': 34.957003}"
21498,"{'lat': 32.796494, 'lng': 35.011307}"
21512,"{'lat': 32.813505, 'lng': 34.975559}"
21559,"{'lat': 32.797398, 'lng': 34.96704}"
21563,"{'lat': 32.800713, 'lng': 34.967375}"
21609,"{'lat': 32.781301, 'lng': 35.02822}"
18391,"{'lat': 32.819897, 'lng': 34.961474}"
18498,"{'lat': 32.781459, 'lng': 35.013716}"
18565,"{'lat': 32.797405, 'lng': 35.013574}"
18427,"{'lat': 32.816312, 'lng': 34.98019}"
18342,"{'lat': 32.815536, 'lng': 34.962389}"
18360,"{'lat': 32.818459, 'lng': 34.965549}"
18310,"{'lat': 32.791813, 'lng': 34.986308}"
18478,"{'lat': 32.775883, 'lng': 35.008405}"
18530,"{'lat': 32.79819, 'lng': 35.014227}"
18557,"{'lat': 32.795463, 'lng': 35.015467}"
18570,"{'lat': 32.799352, 'lng': 35.012711}"
18440,"{'lat': 32.812022, 'lng': 34.993653}"
18907,"{'lat': 32.813246, 'lng': 34.966953}"
18421,"{'lat': 32.807857, 'lng': 34.991518}"
18483,"{'lat': 32.779127, 'lng': 35.010135}"
18615,"{'lat': 32.831141, 'lng': 35.064047}"
18596,"{'lat': 32.827502, 'lng': 35.061701}"
21360,"{'lat': 32.790523, 'lng': 35.013784}"
21366,"{'lat': 32.78698, 'lng': 35.015063}"
21437,"{'lat': 32.830337, 'lng': 34.984193}"
21441,"{'lat': 32.830688, 'lng': 34.982794}"
20115,"{'lat': 32.788102, 'lng': 35.028205}"
19668,"{'lat': 32.785539, 'lng': 34.989425}"
19728,"{'lat': 32.788621, 'lng': 34.968805}"
19195,"{'lat': 32.794644, 'lng': 34.967115}"
19894,"{'lat': 32.787714, 'lng': 34.970588}"
19959,"{'lat': 32.789215, 'lng': 35.013425}"
19976,"{'lat': 32.782255, 'lng': 35.015992}"
19988,"{'lat': 32.825579, 'lng': 34.962433}"
19994,"{'lat': 32.818888, 'lng': 34.97618}"
19948,"{'lat': 32.818449, 'lng': 34.975524}"
19958,"{'lat': 32.818233, 'lng': 34.972531}"
19662,"{'lat': 32.785845, 'lng': 35.024466}"
20010,"{'lat': 32.823582, 'lng': 34.992861}"
20036,"{'lat': 32.797379, 'lng': 35.046924}"
20060,"{'lat': 32.77925, 'lng': 35.015035}"
20140,"{'lat': 32.78437, 'lng': 34.990692}"
20142,"{'lat': 32.77772, 'lng': 35.000122}"
20151,"{'lat': 32.758657, 'lng': 35.022003}"
20012,"{'lat': 32.823983, 'lng': 34.983731}"
19934,"{'lat': 32.785086, 'lng': 34.980783}"
20011,"{'lat': 32.823648, 'lng': 34.984462}"
19930,"{'lat': 32.7869, 'lng': 35.016259}"
20074,"{'lat': 32.825506, 'lng': 34.983813}"
19879,"{'lat': 32.786313, 'lng': 35.005289}"
19897,"{'lat': 32.784586, 'lng': 34.986404}"
20121,"{'lat': 32.766524, 'lng': 34.980039}"
19885,"{'lat': 32.805711, 'lng': 34.972859}"
19892,"{'lat': 32.805507, 'lng': 35.017684}"
19916,"{'lat': 32.803837, 'lng': 34.972844}"
19936,"{'lat': 32.785086, 'lng': 34.980782}"
19982,"{'lat': 32.792464, 'lng': 35.009195}"
19991,"{'lat': 32.802259, 'lng': 35.013911}"
19960,"{'lat': 32.76947, 'lng': 35.004761}"
19962,"{'lat': 32.768193, 'lng': 34.999166}"
19972,"{'lat': 32.766858, 'lng': 35.003123}"
19967,"{'lat': 32.764889, 'lng': 34.98416}"
19808,"{'lat': 32.827806, 'lng': 34.985323}"
19888,"{'lat': 32.802481, 'lng': 34.987568}"
20029,"{'lat': 32.819481, 'lng': 34.999025}"
20030,"{'lat': 32.816037, 'lng': 35.001004}"
20110,"{'lat': 32.809813, 'lng': 35.070836}"
20120,"{'lat': 32.764969, 'lng': 34.982743}"
20144,"{'lat': 32.783918, 'lng': 34.994424}"
20159,"{'lat': 32.77931, 'lng': 35.013154}"
20039,"{'lat': 32.807199, 'lng': 35.061056}"
20145,"{'lat': 32.806448, 'lng': 34.970965}"
20126,"{'lat': 32.804102, 'lng': 34.986802}"
20959,"{'lat': 32.81815, 'lng': 35.000376}"
32048,"{'lat': 32.807566, 'lng': 35.0011}"
32049,"{'lat': 32.787333, 'lng': 35.035742}"
32068,"{'lat': 32.763207, 'lng': 35.016405}"
18582,"{'lat': 32.806252, 'lng': 35.057074}"
18538,"{'lat': 32.794028, 'lng': 35.012809}"
18581,"{'lat': 32.807448, 'lng': 35.062037}"
18325,"{'lat': 32.813261, 'lng': 34.958479}"
18513,"{'lat': 32.783762, 'lng': 35.024043}"
18541,"{'lat': 32.790111, 'lng': 35.018268}"
18437,"{'lat': 32.816391, 'lng': 34.991008}"
18456,"{'lat': 32.825191, 'lng': 34.989452}"
18306,"{'lat': 32.798656, 'lng': 34.97322}"
18307,"{'lat': 32.796963, 'lng': 34.979499}"
18444,"{'lat': 32.817199, 'lng': 34.992884}"
18460,"{'lat': 32.819206, 'lng': 34.990054}"
18462,"{'lat': 32.814474, 'lng': 34.993305}"
18397,"{'lat': 32.828978, 'lng': 34.963419}"
18503,"{'lat': 32.783469, 'lng': 35.015109}"
18516,"{'lat': 32.786343, 'lng': 35.015703}"
18546,"{'lat': 32.805342, 'lng': 34.998254}"
18555,"{'lat': 32.795462, 'lng': 35.021981}"
18572,"{'lat': 32.805441, 'lng': 35.001474}"
18576,"{'lat': 32.808602, 'lng': 35.005608}"
18586,"{'lat': 32.813426, 'lng': 35.072874}"
18605,"{'lat': 32.835508, 'lng': 35.061892}"
19886,"{'lat': 32.807334, 'lng': 34.967326}"
18481,"{'lat': 32.770262, 'lng': 35.008578}"
18485,"{'lat': 32.766652, 'lng': 35.011817}"
18337,"{'lat': 32.810401, 'lng': 34.972165}"
18487,"{'lat': 32.767926, 'lng': 35.000484}"
18336,"{'lat': 32.807822, 'lng': 34.97671}"
18400,"{'lat': 32.81613, 'lng': 34.980551}"
18044,"{'lat': 32.76717, 'lng': 35.00632}"
18264,"{'lat': 32.766505, 'lng': 35.009326}"
18940,"{'lat': 32.787921, 'lng': 35.000205}"
18273,"{'lat': 32.778046, 'lng': 34.996461}"
21199,"{'lat': 32.793056, 'lng': 34.957699}"
21200,"{'lat': 32.805593, 'lng': 34.958132}"
21438,"{'lat': 32.798915, 'lng': 35.015054}"
31959,"{'lat': 32.78528, 'lng': 35.034342}"
31964,"{'lat': 32.793721, 'lng': 34.983884}"
31965,"{'lat': 32.790744, 'lng': 34.982604}"
31966,"{'lat': 32.790327, 'lng': 34.983407}"
31974,"{'lat': 32.806796, 'lng': 35.039828}"
31983,"{'lat': 32.819954, 'lng': 35.000033}"
31938,"{'lat': 32.773833, 'lng': 35.026573}"
31968,"{'lat': 32.788967, 'lng': 34.96628}"
31784,"{'lat': 32.809598, 'lng': 35.009832}"
31786,"{'lat': 32.791497, 'lng': 34.983549}"
31882,"{'lat': 32.78935, 'lng': 34.984803}"
18272,"{'lat': 32.77808, 'lng': 34.994468}"
18290,"{'lat': 32.792707, 'lng': 34.986229}"
18292,"{'lat': 32.790407, 'lng': 34.986907}"
18261,"{'lat': 32.767468, 'lng': 34.994556}"
18265,"{'lat': 32.766491, 'lng': 35.011066}"
18303,"{'lat': 32.789173, 'lng': 35.001538}"
18309,"{'lat': 32.794286, 'lng': 34.985262}"
18315,"{'lat': 32.797217, 'lng': 34.983222}"
18316,"{'lat': 32.797527, 'lng': 34.984338}"
18318,"{'lat': 32.795203, 'lng': 34.988003}"
18320,"{'lat': 32.810509, 'lng': 34.959562}"
18332,"{'lat': 32.802312, 'lng': 34.984321}"
18343,"{'lat': 32.811041, 'lng': 34.970426}"
18344,"{'lat': 32.815595, 'lng': 34.966865}"
18351,"{'lat': 32.818537, 'lng': 34.962013}"
18353,"{'lat': 32.820169, 'lng': 34.959298}"
18355,"{'lat': 32.820566, 'lng': 34.963235}"
18365,"{'lat': 32.801858, 'lng': 34.991856}"
18372,"{'lat': 32.799114, 'lng': 34.99664}"
18376,"{'lat': 32.802302, 'lng': 34.993144}"
18377,"{'lat': 32.806383, 'lng': 34.991443}"
18379,"{'lat': 32.810536, 'lng': 34.988662}"
18385,"{'lat': 32.82049, 'lng': 34.969336}"
18388,"{'lat': 32.81997, 'lng': 34.967979}"
18401,"{'lat': 32.814365, 'lng': 34.985671}"
18406,"{'lat': 32.824366, 'lng': 34.971213}"
18412,"{'lat': 32.827849, 'lng': 34.9734}"
18413,"{'lat': 32.827122, 'lng': 34.975165}"
18414,"{'lat': 32.82526, 'lng': 34.978029}"
18425,"{'lat': 32.805749, 'lng': 34.995019}"
18429,"{'lat': 32.811019, 'lng': 34.991154}"
18431,"{'lat': 32.80853, 'lng': 34.99477}"
18432,"{'lat': 32.808809, 'lng': 34.995779}"
18433,"{'lat': 32.809842, 'lng': 34.997018}"
18436,"{'lat': 32.817051, 'lng': 34.989553}"
18443,"{'lat': 32.81681, 'lng': 34.990082}"
18449,"{'lat': 32.823926, 'lng': 34.983759}"
18452,"{'lat': 32.826282, 'lng': 34.980007}"
18461,"{'lat': 32.809402, 'lng': 34.996213}"
18463,"{'lat': 32.814385, 'lng': 34.997822}"
18465,"{'lat': 32.820688, 'lng': 34.992913}"
18470,"{'lat': 32.776677, 'lng': 34.999722}"
18471,"{'lat': 32.772106, 'lng': 35.006166}"
18473,"{'lat': 32.789654, 'lng': 35.002128}"
18476,"{'lat': 32.779142, 'lng': 35.004861}"
18479,"{'lat': 32.775376, 'lng': 35.010414}"
18489,"{'lat': 32.778791, 'lng': 35.006737}"
18497,"{'lat': 32.782161, 'lng': 35.013185}"
18499,"{'lat': 32.782452, 'lng': 35.017109}"
18504,"{'lat': 32.783523, 'lng': 35.015002}"
18505,"{'lat': 32.784887, 'lng': 35.017378}"
31817,"{'lat': 32.785599, 'lng': 35.034349}"
17852,"{'lat': 32.786078, 'lng': 35.029826}"
17863,"{'lat': 32.801336, 'lng': 35.008024}"
18275,"{'lat': 32.782085, 'lng': 34.989044}"
17568,"{'lat': 32.80382, 'lng': 35.007772}"
17643,"{'lat': 32.785183, 'lng': 34.963448}"
17663,"{'lat': 32.806589, 'lng': 34.969879}"
17710,"{'lat': 32.827306, 'lng': 34.987692}"
17717,"{'lat': 32.798734, 'lng': 35.017766}"
17724,"{'lat': 32.796896, 'lng': 35.045648}"
17736,"{'lat': 32.765395, 'lng': 35.01376}"
17738,"{'lat': 32.774244, 'lng': 35.011398}"
17740,"{'lat': 32.779629, 'lng': 35.01405}"
19409,"{'lat': 32.765241, 'lng': 35.044076}"
21483,"{'lat': 32.76467, 'lng': 35.04833}"
21485,"{'lat': 32.76803, 'lng': 35.037414}"
21501,"{'lat': 32.768894, 'lng': 35.039629}"
21533,"{'lat': 32.767193, 'lng': 35.050855}"
21567,"{'lat': 32.769366, 'lng': 35.044224}"
21581,"{'lat': 32.774204, 'lng': 35.030665}"
21591,"{'lat': 32.766513, 'lng': 35.039432}"
21592,"{'lat': 32.768511, 'lng': 35.02737}"
21600,"{'lat': 32.770554, 'lng': 35.028073}"
21256,"{'lat': 32.760265, 'lng': 35.057342}"
21317,"{'lat': 32.745479, 'lng': 35.032581}"
18876,"{'lat': 32.764489, 'lng': 35.053815}"
19345,"{'lat': 32.762856, 'lng': 35.045995}"
19346,"{'lat': 32.763986, 'lng': 35.047266}"
19410,"{'lat': 32.765214, 'lng': 35.042268}"
19411,"{'lat': 32.76756, 'lng': 35.038687}"
19457,"{'lat': 32.765315, 'lng': 35.039726}"
19459,"{'lat': 32.768959, 'lng': 35.030925}"
19462,"{'lat': 32.768652, 'lng': 35.036447}"
18174,"{'lat': 32.734479, 'lng': 35.039216}"
18176,"{'lat': 32.743687, 'lng': 35.034542}"
18247,"{'lat': 32.776342, 'lng': 35.039502}"
18254,"{'lat': 32.775136, 'lng': 35.03459}"
20554,"{'lat': 32.760108, 'lng': 35.047248}"
19178,"{'lat': 32.772618, 'lng': 35.040184}"
19179,"{'lat': 32.773622, 'lng': 35.039718}"
19847,"{'lat': 32.770027, 'lng': 35.04207}"
20035,"{'lat': 32.774598, 'lng': 35.043237}"
20078,"{'lat': 32.767939, 'lng': 35.051137}"
20051,"{'lat': 32.771799, 'lng': 35.044457}"
21478,"{'lat': 32.768603, 'lng': 35.045156}"
19048,"{'lat': 32.77544, 'lng': 35.031232}"
19464,"{'lat': 32.770668, 'lng': 35.040857}"
18242,"{'lat': 32.76313, 'lng': 35.047634}"
18246,"{'lat': 32.767505, 'lng': 35.046131}"
18250,"{'lat': 32.776635, 'lng': 35.035135}"
18251,"{'lat': 32.776716, 'lng': 35.03487}"
18253,"{'lat': 32.775431, 'lng': 35.035077}"
19521,"{'lat': 32.77026, 'lng': 35.045603}"
21479,"{'lat': 32.770079, 'lng': 35.047295}"
21480,"{'lat': 32.764658, 'lng': 35.048716}"
21491,"{'lat': 32.776165, 'lng': 35.036688}"
21496,"{'lat': 32.769076, 'lng': 35.046589}"
21500,"{'lat': 32.77327, 'lng': 35.031663}"
21580,"{'lat': 32.77323, 'lng': 35.032609}"
20427,"{'lat': 32.767938, 'lng': 35.033131}"
1549,"{'lat': 31.782928, 'lng': 35.173666}"
18236,"{'lat': 32.762103, 'lng': 35.047073}"
18249,"{'lat': 32.77657, 'lng': 35.036603}"
18239,"{'lat': 32.763366, 'lng': 35.051539}"
18241,"{'lat': 32.761468, 'lng': 35.048261}"
19047,"{'lat': 32.773347, 'lng': 35.032428}"
20057,"{'lat': 32.773404, 'lng': 35.044884}"
19348,"{'lat': 32.772356, 'lng': 35.042018}"
19408,"{'lat': 32.765415, 'lng': 35.046279}"
19413,"{'lat': 32.769665, 'lng': 35.037177}"
19452,"{'lat': 32.772975, 'lng': 35.030297}"
19455,"{'lat': 32.769981, 'lng': 35.033147}"
19458,"{'lat': 32.765833, 'lng': 35.038558}"
19460,"{'lat': 32.769836, 'lng': 35.028197}"
19463,"{'lat': 32.773103, 'lng': 35.039921}"
17780,"{'lat': 32.781717, 'lng': 35.033914}"
17789,"{'lat': 32.765668, 'lng': 35.052739}"
20083,"{'lat': 32.774408, 'lng': 35.043302}"
20080,"{'lat': 32.770237, 'lng': 35.047221}"
20104,"{'lat': 32.776541, 'lng': 35.040505}"
20428,"{'lat': 32.767156, 'lng': 35.034347}"
20429,"{'lat': 32.766152, 'lng': 35.037667}"
19999,"{'lat': 32.767864, 'lng': 35.016556}"
20000,"{'lat': 32.76838, 'lng': 35.016873}"
19899,"{'lat': 32.773771, 'lng': 35.042289}"
20112,"{'lat': 32.768089, 'lng': 35.050333}"
20049,"{'lat': 32.769359, 'lng': 35.044233}"
20050,"{'lat': 32.771852, 'lng': 35.045304}"
20081,"{'lat': 32.76937, 'lng': 35.048145}"
19850,"{'lat': 32.765092, 'lng': 35.044433}"
19845,"{'lat': 32.765463, 'lng': 35.04483}"
19223,"{'lat': 32.771894, 'lng': 35.033997}"
20084,"{'lat': 32.780778, 'lng': 35.034999}"
20107,"{'lat': 32.778191, 'lng': 35.038347}"
20111,"{'lat': 32.777272, 'lng': 35.03975}"
20108,"{'lat': 32.779245, 'lng': 35.037187}"
20114,"{'lat': 32.783723, 'lng': 35.031696}"
21481,"{'lat': 32.764293, 'lng': 35.047436}"
21484,"{'lat': 32.764167, 'lng': 35.050674}"
21487,"{'lat': 32.765312, 'lng': 35.039735}"
21488,"{'lat': 32.770627, 'lng': 35.031247}"
21525,"{'lat': 32.762452, 'lng': 35.042211}"
21599,"{'lat': 32.77054, 'lng': 35.037968}"
21617,"{'lat': 32.76545, 'lng': 35.044089}"
19412,"{'lat': 32.769822, 'lng': 35.035919}"
19180,"{'lat': 32.770221, 'lng': 35.042766}"
19846,"{'lat': 32.767699, 'lng': 35.044039}"
19848,"{'lat': 32.769608, 'lng': 35.042679}"
19849,"{'lat': 32.767249, 'lng': 35.044665}"
19765,"{'lat': 32.773316, 'lng': 35.03528}"
19769,"{'lat': 32.769846, 'lng': 35.028252}"
19770,"{'lat': 32.77074, 'lng': 35.02885}"
19771,"{'lat': 32.770054, 'lng': 35.03149}"
18968,"{'lat': 32.734352, 'lng': 35.040108}"
18964,"{'lat': 32.776459, 'lng': 35.039719}"
19772,"{'lat': 32.770569, 'lng': 35.0302}"
21526,"{'lat': 32.768508, 'lng': 35.027388}"
21582,"{'lat': 32.766287, 'lng': 35.039348}"
19050,"{'lat': 32.772339, 'lng': 35.035905}"
18810,"{'lat': 32.773682, 'lng': 35.030648}"
19051,"{'lat': 32.776683, 'lng': 35.031292}"
18238,"{'lat': 32.760827, 'lng': 35.045897}"
18257,"{'lat': 32.775408, 'lng': 35.033924}"
18248,"{'lat': 32.776442, 'lng': 35.036819}"
19105,"{'lat': 32.771762, 'lng': 35.044255}"
19111,"{'lat': 32.772892, 'lng': 35.032409}"
19119,"{'lat': 32.774011, 'lng': 35.039393}"
19177,"{'lat': 32.771044, 'lng': 35.040964}"
19181,"{'lat': 32.773794, 'lng': 35.038135}"
19217,"{'lat': 32.772257, 'lng': 35.032787}"
19218,"{'lat': 32.772193, 'lng': 35.037594}"
19219,"{'lat': 32.77185, 'lng': 35.03961}"
19220,"{'lat': 32.773098, 'lng': 35.038186}"
19417,"{'lat': 32.766492, 'lng': 35.043733}"
18245,"{'lat': 32.766865, 'lng': 35.048249}"
18243,"{'lat': 32.763524, 'lng': 35.048832}"
18175,"{'lat': 32.742118, 'lng': 35.035532}"
19401,"{'lat': 32.770504, 'lng': 35.037274}"
19221,"{'lat': 32.772928, 'lng': 35.038384}"
18244,"{'lat': 32.759807, 'lng': 35.048681}"
19222,"{'lat': 32.772031, 'lng': 35.036855}"
19456,"{'lat': 32.768755, 'lng': 35.031862}"
19465,"{'lat': 32.76733, 'lng': 35.046521}"
19490,"{'lat': 32.763731, 'lng': 35.050453}"
19492,"{'lat': 32.761793, 'lng': 35.045601}"
19499,"{'lat': 32.76744, 'lng': 35.036437}"
19500,"{'lat': 32.767136, 'lng': 35.036651}"
19437,"{'lat': 32.766191, 'lng': 35.039356}"
19453,"{'lat': 32.769807, 'lng': 35.035946}"
19454,"{'lat': 32.769257, 'lng': 35.034782}"
19461,"{'lat': 32.770074, 'lng': 35.032862}"
19468,"{'lat': 32.77185, 'lng': 35.039481}"
19489,"{'lat': 32.766057, 'lng': 35.049338}"
19491,"{'lat': 32.764174, 'lng': 35.049317}"
19493,"{'lat': 32.766486, 'lng': 35.048932}"
19494,"{'lat': 32.768893, 'lng': 35.039622}"
19498,"{'lat': 32.768913, 'lng': 35.034049}"
19501,"{'lat': 32.769025, 'lng': 35.033908}"
19623,"{'lat': 32.771335, 'lng': 35.033275}"
21740,"{'lat': 32.770851, 'lng': 35.030748}"
21524,"{'lat': 32.765374, 'lng': 35.033802}"
19347,"{'lat': 32.764019, 'lng': 35.049399}"
19349,"{'lat': 32.770296, 'lng': 35.042641}"
19402,"{'lat': 32.768789, 'lng': 35.036845}"
21486,"{'lat': 32.766848, 'lng': 35.043238}"
18252,"{'lat': 32.775818, 'lng': 35.034626}"
18256,"{'lat': 32.776489, 'lng': 35.031647}"
18258,"{'lat': 32.775483, 'lng': 35.031245}"
19405,"{'lat': 32.776245, 'lng': 35.036429}"
17776,"{'lat': 32.765907, 'lng': 35.052706}"
19343,"{'lat': 32.772441, 'lng': 35.042045}"
19344,"{'lat': 32.773571, 'lng': 35.040485}"
19403,"{'lat': 32.765594, 'lng': 35.042771}"
19414,"{'lat': 32.770036, 'lng': 35.038038}"
19416,"{'lat': 32.771916, 'lng': 35.037286}"
18237,"{'lat': 32.759282, 'lng': 35.048275}"
18240,"{'lat': 32.764813, 'lng': 35.052192}"
18255,"{'lat': 32.776117, 'lng': 35.032366}"
19466,"{'lat': 32.768051, 'lng': 35.045349}"
19487,"{'lat': 32.762482, 'lng': 35.040869}"
19488,"{'lat': 32.773035, 'lng': 35.030249}"
19495,"{'lat': 32.769157, 'lng': 35.041146}"
19497,"{'lat': 32.769625, 'lng': 35.032694}"
19553,"{'lat': 32.769103, 'lng': 35.041249}"
19622,"{'lat': 32.771312, 'lng': 35.03338}"
31960,"{'lat': 32.78285, 'lng': 35.035779}"
31961,"{'lat': 32.782565, 'lng': 35.035466}"
21482,"{'lat': 32.763203, 'lng': 35.046419}"
21497,"{'lat': 32.771249, 'lng': 35.044248}"
21741,"{'lat': 32.774411, 'lng': 35.035327}"
19049,"{'lat': 32.772349, 'lng': 35.035691}"
18657,"{'lat': 32.811196, 'lng': 35.123603}"
19803,"{'lat': 32.808944, 'lng': 35.106354}"
19807,"{'lat': 32.809033, 'lng': 35.106363}"
18634,"{'lat': 32.812054, 'lng': 35.109679}"
18853,"{'lat': 32.813605, 'lng': 35.115492}"
18630,"{'lat': 32.80992, 'lng': 35.111655}"
19547,"{'lat': 32.80618, 'lng': 35.106148}"
19559,"{'lat': 32.808128, 'lng': 35.132259}"
19564,"{'lat': 32.798185, 'lng': 35.13643}"
19578,"{'lat': 32.796964, 'lng': 35.137489}"
18919,"{'lat': 32.794051, 'lng': 35.089921}"
18920,"{'lat': 32.792028, 'lng': 35.08993}"
18652,"{'lat': 32.80877, 'lng': 35.124029}"
18899,"{'lat': 32.812891, 'lng': 35.114287}"
18981,"{'lat': 32.802738, 'lng': 35.107641}"
19335,"{'lat': 32.79797, 'lng': 35.094447}"
18924,"{'lat': 32.797538, 'lng': 35.089908}"
18923,"{'lat': 32.795975, 'lng': 35.089926}"
18623,"{'lat': 32.789633, 'lng': 35.088831}"
18624,"{'lat': 32.789633, 'lng': 35.088044}"
18848,"{'lat': 32.788022, 'lng': 35.085708}"
18622,"{'lat': 32.789636, 'lng': 35.086183}"
18896,"{'lat': 32.787347, 'lng': 35.085718}"
18897,"{'lat': 32.786845, 'lng': 35.086118}"
18918,"{'lat': 32.796701, 'lng': 35.089923}"
18660,"{'lat': 32.811015, 'lng': 35.127024}"
18651,"{'lat': 32.808502, 'lng': 35.123842}"
18640,"{'lat': 32.808345, 'lng': 35.12199}"
18645,"{'lat': 32.811797, 'lng': 35.121636}"
18639,"{'lat': 32.808178, 'lng': 35.119459}"
18644,"{'lat': 32.80887, 'lng': 35.118286}"
19390,"{'lat': 32.797959, 'lng': 35.096599}"
19395,"{'lat': 32.796513, 'lng': 35.097556}"
17606,"{'lat': 32.809483, 'lng': 35.136383}"
18629,"{'lat': 32.810108, 'lng': 35.111473}"
18658,"{'lat': 32.811291, 'lng': 35.129173}"
17900,"{'lat': 32.808523, 'lng': 35.104346}"
17910,"{'lat': 32.803202, 'lng': 35.075538}"
17902,"{'lat': 32.804208, 'lng': 35.095333}"
17901,"{'lat': 32.804626, 'lng': 35.098678}"
17792,"{'lat': 32.808061, 'lng': 35.092808}"
17781,"{'lat': 32.80986, 'lng': 35.092758}"
18627,"{'lat': 32.809502, 'lng': 35.104576}"
18632,"{'lat': 32.811993, 'lng': 35.108834}"
18636,"{'lat': 32.812799, 'lng': 35.112771}"
18637,"{'lat': 32.813054, 'lng': 35.113555}"
19044,"{'lat': 32.816189, 'lng': 35.116337}"
18635,"{'lat': 32.812789, 'lng': 35.111761}"
19503,"{'lat': 32.800867, 'lng': 35.105717}"
19561,"{'lat': 32.80118, 'lng': 35.13342}"
19568,"{'lat': 32.805695, 'lng': 35.133385}"
19580,"{'lat': 32.796692, 'lng': 35.139884}"
19743,"{'lat': 32.79969, 'lng': 35.10616}"
19749,"{'lat': 32.800694, 'lng': 35.138899}"
19753,"{'lat': 32.808865, 'lng': 35.13284}"
17799,"{'lat': 32.814134, 'lng': 35.102692}"
17798,"{'lat': 32.800441, 'lng': 35.10314}"
17763,"{'lat': 32.808222, 'lng': 35.071254}"
18642,"{'lat': 32.811806, 'lng': 35.121245}"
18650,"{'lat': 32.808151, 'lng': 35.119196}"
18643,"{'lat': 32.814493, 'lng': 35.119317}"
18641,"{'lat': 32.812931, 'lng': 35.120594}"
19208,"{'lat': 32.809677, 'lng': 35.117118}"
19755,"{'lat': 32.80275, 'lng': 35.139993}"
19910,"{'lat': 32.798309, 'lng': 35.135161}"
20097,"{'lat': 32.816679, 'lng': 35.109284}"
20092,"{'lat': 32.804315, 'lng': 35.097025}"
19752,"{'lat': 32.808529, 'lng': 35.136086}"
19754,"{'lat': 32.805481, 'lng': 35.140804}"
20089,"{'lat': 32.802105, 'lng': 35.077603}"
20106,"{'lat': 32.818602, 'lng': 35.113122}"
21771,"{'lat': 32.786851, 'lng': 35.087422}"
21804,"{'lat': 32.810121, 'lng': 35.12962}"
17567,"{'lat': 32.810252, 'lng': 35.141195}"
17607,"{'lat': 32.812834, 'lng': 35.141438}"
17608,"{'lat': 32.813506, 'lng': 35.140774}"
17609,"{'lat': 32.814772, 'lng': 35.139132}"
17614,"{'lat': 32.815455, 'lng': 35.138184}"
17616,"{'lat': 32.815381, 'lng': 35.137295}"
17622,"{'lat': 32.815461, 'lng': 35.135785}"
19740,"{'lat': 32.803285, 'lng': 35.103997}"
19741,"{'lat': 32.801761, 'lng': 35.140622}"
19742,"{'lat': 32.801099, 'lng': 35.139996}"
19750,"{'lat': 32.802888, 'lng': 35.14077}"
19751,"{'lat': 32.806141, 'lng': 35.140556}"
21799,"{'lat': 32.802775, 'lng': 35.11135}"
21823,"{'lat': 32.800438, 'lng': 35.105653}"
21796,"{'lat': 32.800467, 'lng': 35.109776}"
21571,"{'lat': 32.813916, 'lng': 35.125673}"
18654,"{'lat': 32.810122, 'lng': 35.128383}"
18649,"{'lat': 32.808773, 'lng': 35.120917}"
21593,"{'lat': 32.813955, 'lng': 35.125542}"
21808,"{'lat': 32.810557, 'lng': 35.125271}"
18646,"{'lat': 32.808936, 'lng': 35.118178}"
17905,"{'lat': 32.802581, 'lng': 35.080682}"
22040,"{'lat': 32.79791, 'lng': 35.106615}"
23373,"{'lat': 32.823614, 'lng': 35.135612}"
21585,"{'lat': 32.809005, 'lng': 35.130112}"
21800,"{'lat': 32.80419, 'lng': 35.110158}"
19210,"{'lat': 32.798777, 'lng': 35.102548}"
21797,"{'lat': 32.800049, 'lng': 35.108855}"
21702,"{'lat': 32.813851, 'lng': 35.113969}"
21794,"{'lat': 32.803639, 'lng': 35.110677}"
21645,"{'lat': 32.81804, 'lng': 35.112879}"
21201,"{'lat': 32.808477, 'lng': 35.127023}"
21586,"{'lat': 32.812877, 'lng': 35.104956}"
19911,"{'lat': 32.808558, 'lng': 35.136786}"
19909,"{'lat': 32.804904, 'lng': 35.132959}"
18633,"{'lat': 32.812327, 'lng': 35.105666}"
19804,"{'lat': 32.805981, 'lng': 35.108057}"
18621,"{'lat': 32.789352, 'lng': 35.085713}"
21349,"{'lat': 32.804178, 'lng': 35.081875}"
21618,"{'lat': 32.799542, 'lng': 35.089911}"
21647,"{'lat': 32.816532, 'lng': 35.109291}"
21350,"{'lat': 32.813412, 'lng': 35.11425}"
21698,"{'lat': 32.807355, 'lng': 35.117209}"
21822,"{'lat': 32.799941, 'lng': 35.106416}"
18648,"{'lat': 32.815604, 'lng': 35.115623}"
18653,"{'lat': 32.810095, 'lng': 35.125187}"
18656,"{'lat': 32.81288, 'lng': 35.124989}"
18628,"{'lat': 32.80852, 'lng': 35.112611}"
18631,"{'lat': 32.811681, 'lng': 35.11089}"
20101,"{'lat': 32.821603, 'lng': 35.121402}"
20088,"{'lat': 32.80355, 'lng': 35.089942}"
19908,"{'lat': 32.809868, 'lng': 35.119819}"
20098,"{'lat': 32.805332, 'lng': 35.102781}"
20095,"{'lat': 32.805706, 'lng': 35.074355}"
20100,"{'lat': 32.811367, 'lng': 35.104636}"
20102,"{'lat': 32.817319, 'lng': 35.110843}"
20094,"{'lat': 32.806614, 'lng': 35.073973}"
20091,"{'lat': 32.803638, 'lng': 35.091434}"
20103,"{'lat': 32.818324, 'lng': 35.112261}"
20085,"{'lat': 32.812866, 'lng': 35.105066}"
18849,"{'lat': 32.805529, 'lng': 35.109569}"
20278,"{'lat': 32.812682, 'lng': 35.100536}"
19806,"{'lat': 32.805902, 'lng': 35.108005}"
20096,"{'lat': 32.802588, 'lng': 35.075832}"
21646,"{'lat': 32.816561, 'lng': 35.109273}"
17797,"{'lat': 32.800985, 'lng': 35.092274}"
19563,"{'lat': 32.79813, 'lng': 35.135671}"
19566,"{'lat': 32.800995, 'lng': 35.133508}"
17793,"{'lat': 32.804676, 'lng': 35.093801}"
17772,"{'lat': 32.810877, 'lng': 35.092094}"
18922,"{'lat': 32.792484, 'lng': 35.089926}"
19006,"{'lat': 32.804164, 'lng': 35.103977}"
19007,"{'lat': 32.802418, 'lng': 35.10379}"
19018,"{'lat': 32.80144, 'lng': 35.103608}"
21810,"{'lat': 32.807839, 'lng': 35.138806}"
20090,"{'lat': 32.80402, 'lng': 35.094409}"
19756,"{'lat': 32.802778, 'lng': 35.140217}"
17903,"{'lat': 32.803875, 'lng': 35.092614}"
17775,"{'lat': 32.808868, 'lng': 35.092211}"
17796,"{'lat': 32.801798, 'lng': 35.094293}"
18921,"{'lat': 32.800124, 'lng': 35.092437}"
18980,"{'lat': 32.802905, 'lng': 35.107359}"
19278,"{'lat': 32.812253, 'lng': 35.107012}"
17554,"{'lat': 32.806529, 'lng': 35.077078}"
17555,"{'lat': 32.806506, 'lng': 35.076812}"
17670,"{'lat': 32.79796, 'lng': 35.092889}"
21699,"{'lat': 32.810486, 'lng': 35.114993}"
18625,"{'lat': 32.797237, 'lng': 35.097095}"
19279,"{'lat': 32.812161, 'lng': 35.108081}"
19389,"{'lat': 32.797965, 'lng': 35.093376}"
19391,"{'lat': 32.800043, 'lng': 35.092445}"
19392,"{'lat': 32.799889, 'lng': 35.089911}"
19805,"{'lat': 32.806245, 'lng': 35.106306}"
18626,"{'lat': 32.796503, 'lng': 35.101313}"
19918,"{'lat': 32.806788, 'lng': 35.110659}"
20086,"{'lat': 32.803153, 'lng': 35.085217}"
20087,"{'lat': 32.802961, 'lng': 35.086545}"
20099,"{'lat': 32.805275, 'lng': 35.102915}"
19077,"{'lat': 32.798116, 'lng': 35.106585}"
19078,"{'lat': 32.811022, 'lng': 35.126591}"
21795,"{'lat': 32.80203, 'lng': 35.111768}"
21700,"{'lat': 32.810438, 'lng': 35.115029}"
18647,"{'lat': 32.814834, 'lng': 35.118954}"
18852,"{'lat': 32.813642, 'lng': 35.115706}"
18655,"{'lat': 32.81202, 'lng': 35.126669}"
18659,"{'lat': 32.808885, 'lng': 35.129073}"
18855,"{'lat': 32.807517, 'lng': 35.127687}"
18854,"{'lat': 32.808498, 'lng': 35.128991}"
18850,"{'lat': 32.807817, 'lng': 35.112178}"
18851,"{'lat': 32.805762, 'lng': 35.109748}"
19394,"{'lat': 32.797977, 'lng': 35.095837}"
19472,"{'lat': 32.811982, 'lng': 35.128485}"
19567,"{'lat': 32.80303, 'lng': 35.132814}"
19560,"{'lat': 32.80303, 'lng': 35.132814}"
19565,"{'lat': 32.799508, 'lng': 35.13422}"
19581,"{'lat': 32.797648, 'lng': 35.137943}"
19173,"{'lat': 32.811523, 'lng': 35.123616}"
18638,"{'lat': 32.807711, 'lng': 35.116966}"
19209,"{'lat': 32.809772, 'lng': 35.117081}"
21644,"{'lat': 32.818052, 'lng': 35.112873}"
21648,"{'lat': 32.812908, 'lng': 35.104859}"
21697,"{'lat': 32.807409, 'lng': 35.117172}"
21701,"{'lat': 32.812885, 'lng': 35.114368}"
21793,"{'lat': 32.803905, 'lng': 35.079538}"
21801,"{'lat': 32.803857, 'lng': 35.079138}"
21811,"{'lat': 32.807684, 'lng': 35.139032}"
20020,"{'lat': 32.785018, 'lng': 35.07528}"
20021,"{'lat': 32.801643, 'lng': 35.075746}"
20105,"{'lat': 32.807946, 'lng': 35.129722}"
20277,"{'lat': 32.812671, 'lng': 35.100747}"
21798,"{'lat': 32.801067, 'lng': 35.110992}"
18911,"{'lat': 32.799648, 'lng': 35.103014}"
19502,"{'lat': 32.800785, 'lng': 35.106243}"
19562,"{'lat': 32.799481, 'lng': 35.134233}"
19579,"{'lat': 32.796175, 'lng': 35.139066}"
19637,"{'lat': 32.796508, 'lng': 35.100963}"
21569,"{'lat': 32.814095, 'lng': 35.106419}"
21207,"{'lat': 32.815857, 'lng': 35.107858}"
18898,"{'lat': 32.787554, 'lng': 35.088339}"
17912,"{'lat': 32.802805, 'lng': 35.083419}"
21348,"{'lat': 32.804224, 'lng': 35.082266}"
21202,"{'lat': 32.814462, 'lng': 35.12406}"
25363,"{'lat': 32.806461, 'lng': 35.146657}"
19174,"{'lat': 32.812256, 'lng': 35.125958}"
19175,"{'lat': 32.810709, 'lng': 35.129454}"
20823,"{'lat': 32.808734, 'lng': 35.129086}"
20824,"{'lat': 32.80878, 'lng': 35.129083}"
21656,"{'lat': 32.823935, 'lng': 35.079615}"
21818,"{'lat': 32.846973, 'lng': 35.08583}"
18680,"{'lat': 32.843907, 'lng': 35.08855}"
19082,"{'lat': 32.849144, 'lng': 35.091878}"
20643,"{'lat': 32.839005, 'lng': 35.076871}"
20561,"{'lat': 32.848561, 'lng': 35.088353}"
21502,"{'lat': 32.846671, 'lng': 35.090316}"
18678,"{'lat': 32.839957, 'lng': 35.086023}"
18673,"{'lat': 32.842282, 'lng': 35.079114}"
18750,"{'lat': 32.835848, 'lng': 35.084412}"
18671,"{'lat': 32.836773, 'lng': 35.081456}"
18683,"{'lat': 32.82998, 'lng': 35.074591}"
18900,"{'lat': 32.854564, 'lng': 35.09393}"
18950,"{'lat': 32.837232, 'lng': 35.07423}"
18665,"{'lat': 32.834263, 'lng': 35.072156}"
18675,"{'lat': 32.836669, 'lng': 35.081207}"
18677,"{'lat': 32.839423, 'lng': 35.079179}"
18662,"{'lat': 32.832673, 'lng': 35.073561}"
19651,"{'lat': 32.83315, 'lng': 35.069658}"
19683,"{'lat': 32.857913, 'lng': 35.092597}"
19684,"{'lat': 32.858038, 'lng': 35.093189}"
18668,"{'lat': 32.835192, 'lng': 35.076458}"
18682,"{'lat': 32.826904, 'lng': 35.075455}"
19085,"{'lat': 32.839615, 'lng': 35.085776}"
19447,"{'lat': 32.854738, 'lng': 35.091058}"
19448,"{'lat': 32.851121, 'lng': 35.091637}"
19470,"{'lat': 32.850529, 'lng': 35.091934}"
32047,"{'lat': 32.849262, 'lng': 35.083675}"
19193,"{'lat': 32.840705, 'lng': 35.083311}"
21652,"{'lat': 32.859161, 'lng': 35.089626}"
21653,"{'lat': 32.859407, 'lng': 35.090177}"
21802,"{'lat': 32.843039, 'lng': 35.081167}"
21803,"{'lat': 32.839715, 'lng': 35.082623}"
21821,"{'lat': 32.845559, 'lng': 35.08626}"
20125,"{'lat': 32.838684, 'lng': 35.08627}"
18882,"{'lat': 32.84962, 'lng': 35.093133}"
21835,"{'lat': 32.846071, 'lng': 35.083039}"
18749,"{'lat': 32.845115, 'lng': 35.090347}"
21820,"{'lat': 32.846, 'lng': 35.086567}"
18701,"{'lat': 32.829141, 'lng': 35.080192}"
19449,"{'lat': 32.851916, 'lng': 35.091785}"
17921,"{'lat': 32.841996, 'lng': 35.088397}"
18951,"{'lat': 32.825848, 'lng': 35.075659}"
18963,"{'lat': 32.847985, 'lng': 35.091111}"
19014,"{'lat': 32.859988, 'lng': 35.094565}"
19320,"{'lat': 32.845074, 'lng': 35.081837}"
18857,"{'lat': 32.823738, 'lng': 35.079474}"
21819,"{'lat': 32.847276, 'lng': 35.085248}"
20644,"{'lat': 32.839384, 'lng': 35.076985}"
22041,"{'lat': 32.839155, 'lng': 35.08175}"
18676,"{'lat': 32.838594, 'lng': 35.080865}"
19081,"{'lat': 32.83834, 'lng': 35.083307}"
18856,"{'lat': 32.842349, 'lng': 35.087562}"
18679,"{'lat': 32.84472, 'lng': 35.089063}"
19319,"{'lat': 32.844549, 'lng': 35.080664}"
19406,"{'lat': 32.838994, 'lng': 35.081781}"
18672,"{'lat': 32.838768, 'lng': 35.080509}"
18674,"{'lat': 32.842282, 'lng': 35.078983}"
19084,"{'lat': 32.841484, 'lng': 35.086994}"
7539,"{'lat': 32.833109, 'lng': 35.070075}"
21495,"{'lat': 32.842134, 'lng': 35.084262}"
21503,"{'lat': 32.845597, 'lng': 35.08962}"
21619,"{'lat': 32.823955, 'lng': 35.079617}"
18669,"{'lat': 32.834434, 'lng': 35.079383}"
2,"{'lat': 32.85112, 'lng': 35.08636}"
20555,"{'lat': 32.851744, 'lng': 35.085455}"
20558,"{'lat': 32.84974, 'lng': 35.085192}"
20560,"{'lat': 32.848479, 'lng': 35.087073}"
18664,"{'lat': 32.835753, 'lng': 35.07307}"
18666,"{'lat': 32.837237, 'lng': 35.075755}"
32220,"{'lat': 32.850114, 'lng': 35.084198}"
32070,"{'lat': 32.851117, 'lng': 35.086177}"
19080,"{'lat': 32.83832, 'lng': 35.083178}"
19096,"{'lat': 32.840117, 'lng': 35.079724}"
20861,"{'lat': 32.854973, 'lng': 35.092529}"
21805,"{'lat': 32.842717, 'lng': 35.081607}"
19685,"{'lat': 32.839961, 'lng': 35.078074}"
19469,"{'lat': 32.85061, 'lng': 35.091924}"
19577,"{'lat': 32.849402, 'lng': 35.092042}"
18667,"{'lat': 32.834345, 'lng': 35.076769}"
18670,"{'lat': 32.834569, 'lng': 35.07883}"
18663,"{'lat': 32.828707, 'lng': 35.074707}"
18681,"{'lat': 32.824398, 'lng': 35.078582}"
18684,"{'lat': 32.831762, 'lng': 35.074064}"
18685,"{'lat': 32.833311, 'lng': 35.073059}"
19435,"{'lat': 32.845886, 'lng': 35.083046}"
19450,"{'lat': 32.854774, 'lng': 35.091061}"
19660,"{'lat': 32.857207, 'lng': 35.09423}"
21772,"{'lat': 32.843097, 'lng': 35.084808}"
21658,"{'lat': 32.829198, 'lng': 35.080347}"
21784,"{'lat': 32.824174, 'lng': 35.078858}"
21703,"{'lat': 32.858126, 'lng': 35.091355}"
21785,"{'lat': 32.857574, 'lng': 35.091879}"
21901,"{'lat': 32.840601, 'lng': 35.07845}"
21902,"{'lat': 32.841744, 'lng': 35.082966}"
20478,"{'lat': 32.850945, 'lng': 35.08486}"
20557,"{'lat': 32.850834, 'lng': 35.090619}"
20559,"{'lat': 32.84884, 'lng': 35.085761}"
20556,"{'lat': 32.850894, 'lng': 35.090623}"
20860,"{'lat': 32.854964, 'lng': 35.092643}"
20247,"{'lat': 32.852091, 'lng': 35.067324}"
18720,"{'lat': 32.851844, 'lng': 35.06787}"
19919,"{'lat': 32.842862, 'lng': 35.069604}"
18861,"{'lat': 32.844369, 'lng': 35.066375}"
19834,"{'lat': 32.859707, 'lng': 35.083601}"
18767,"{'lat': 32.854151, 'lng': 35.066421}"
18866,"{'lat': 32.849361, 'lng': 35.065752}"
18863,"{'lat': 32.848081, 'lng': 35.064359}"
18714,"{'lat': 32.839169, 'lng': 35.065122}"
19299,"{'lat': 32.841906, 'lng': 35.064668}"
19302,"{'lat': 32.856007, 'lng': 35.078098}"
19421,"{'lat': 32.854134, 'lng': 35.069008}"
19423,"{'lat': 32.852856, 'lng': 35.072612}"
21979,"{'lat': 32.846285, 'lng': 35.076224}"
21744,"{'lat': 32.858192, 'lng': 35.082846}"
18725,"{'lat': 32.850752, 'lng': 35.075469}"
18716,"{'lat': 32.842898, 'lng': 35.067293}"
19207,"{'lat': 32.848066, 'lng': 35.068613}"
19230,"{'lat': 32.846184, 'lng': 35.061902}"
19231,"{'lat': 32.844471, 'lng': 35.063862}"
19232,"{'lat': 32.846267, 'lng': 35.061846}"
19234,"{'lat': 32.844138, 'lng': 35.064775}"
18721,"{'lat': 32.849616, 'lng': 35.073712}"
19920,"{'lat': 32.845253, 'lng': 35.062516}"
19424,"{'lat': 32.851882, 'lng': 35.075065}"
19236,"{'lat': 32.845865, 'lng': 35.072842}"
19833,"{'lat': 32.859859, 'lng': 35.083544}"
18719,"{'lat': 32.845509, 'lng': 35.068}"
18717,"{'lat': 32.842851, 'lng': 35.067159}"
18715,"{'lat': 32.840687, 'lng': 35.068187}"
19237,"{'lat': 32.847282, 'lng': 35.074273}"
19426,"{'lat': 32.855402, 'lng': 35.076076}"
18724,"{'lat': 32.850743, 'lng': 35.075462}"
18718,"{'lat': 32.845097, 'lng': 35.070555}"
18726,"{'lat': 32.853532, 'lng': 35.08029}"
19446,"{'lat': 32.851803, 'lng': 35.077901}"
19585,"{'lat': 32.856265, 'lng': 35.079496}"
18868,"{'lat': 32.846566, 'lng': 35.071388}"
18885,"{'lat': 32.851903, 'lng': 35.066675}"
18867,"{'lat': 32.848034, 'lng': 35.068675}"
19260,"{'lat': 32.836492, 'lng': 35.061945}"
19422,"{'lat': 32.854266, 'lng': 35.068298}"
18723,"{'lat': 32.850965, 'lng': 35.070505}"
18870,"{'lat': 32.855778, 'lng': 35.081763}"
19296,"{'lat': 32.843101, 'lng': 35.065383}"
19297,"{'lat': 32.840446, 'lng': 35.063584}"
19298,"{'lat': 32.840494, 'lng': 35.06371}"
19321,"{'lat': 32.85511, 'lng': 35.079241}"
19419,"{'lat': 32.852531, 'lng': 35.073707}"
20863,"{'lat': 32.855985, 'lng': 35.078304}"
19650,"{'lat': 32.841071, 'lng': 35.058855}"
18722,"{'lat': 32.849678, 'lng': 35.073734}"
19238,"{'lat': 32.849598, 'lng': 35.076676}"
21667,"{'lat': 32.860396, 'lng': 35.087168}"
21674,"{'lat': 32.840177, 'lng': 35.067989}"
21704,"{'lat': 32.858718, 'lng': 35.07977}"
21705,"{'lat': 32.858594, 'lng': 35.079701}"
19980,"{'lat': 32.836774, 'lng': 35.066031}"
20241,"{'lat': 32.848813, 'lng': 35.063476}"
20318,"{'lat': 32.853228, 'lng': 35.076054}"
19921,"{'lat': 32.853929, 'lng': 35.079547}"
19233,"{'lat': 32.847799, 'lng': 35.063638}"
21782,"{'lat': 32.851314, 'lng': 35.076699}"
19235,"{'lat': 32.843297, 'lng': 35.070436}"
21668,"{'lat': 32.860882, 'lng': 35.082744}"
21670,"{'lat': 32.847093, 'lng': 35.073902}"
21743,"{'lat': 32.858187, 'lng': 35.082058}"
21998,"{'lat': 32.851437, 'lng': 35.066378}"
22000,"{'lat': 32.840623, 'lng': 35.061812}"
19418,"{'lat': 32.852455, 'lng': 35.076108}"
19425,"{'lat': 32.852974, 'lng': 35.076195}"
19647,"{'lat': 32.8452, 'lng': 35.061309}"
21551,"{'lat': 32.859392, 'lng': 35.089922}"
18915,"{'lat': 32.834793, 'lng': 35.065062}"
18957,"{'lat': 32.846222, 'lng': 35.071511}"
19262,"{'lat': 32.847109, 'lng': 35.073506}"
19645,"{'lat': 32.841045, 'lng': 35.058958}"
19649,"{'lat': 32.842955, 'lng': 35.059999}"
21203,"{'lat': 32.849328, 'lng': 35.065094}"
20244,"{'lat': 32.852365, 'lng': 35.065589}"
20243,"{'lat': 32.851828, 'lng': 35.065171}"
20242,"{'lat': 32.848814, 'lng': 35.063386}"
20862,"{'lat': 32.855937, 'lng': 35.078337}"
19835,"{'lat': 32.858636, 'lng': 35.0843}"
21708,"{'lat': 32.85137, 'lng': 35.078056}"
21982,"{'lat': 32.842469, 'lng': 35.074682}"
21999,"{'lat': 32.840829, 'lng': 35.061081}"
18884,"{'lat': 32.850024, 'lng': 35.065516}"
21671,"{'lat': 32.843318, 'lng': 35.070084}"
21672,"{'lat': 32.843904, 'lng': 35.07082}"
21709,"{'lat': 32.850429, 'lng': 35.077049}"
21710,"{'lat': 32.847007, 'lng': 35.073497}"
21781,"{'lat': 32.851329, 'lng': 35.078149}"
21783,"{'lat': 32.851352, 'lng': 35.076382}"
21824,"{'lat': 32.838261, 'lng': 35.066827}"
21980,"{'lat': 32.846435, 'lng': 35.074274}"
21981,"{'lat': 32.843069, 'lng': 35.073528}"
18865,"{'lat': 32.846134, 'lng': 35.066997}"
19644,"{'lat': 32.839629, 'lng': 35.058112}"
19648,"{'lat': 32.845287, 'lng': 35.061276}"
21673,"{'lat': 32.840227, 'lng': 35.068124}"
19420,"{'lat': 32.853611, 'lng': 35.070635}"
18864,"{'lat': 32.845388, 'lng': 35.066977}"
18869,"{'lat': 32.85068, 'lng': 35.071088}"
18862,"{'lat': 32.846979, 'lng': 35.065043}"
19646,"{'lat': 32.842331, 'lng': 35.059704}"
21669,"{'lat': 32.86083, 'lng': 35.082655}"
21706,"{'lat': 32.856219, 'lng': 35.079372}"
21707,"{'lat': 32.855345, 'lng': 35.079354}"
21666,"{'lat': 32.860294, 'lng': 35.087334}"
21711,"{'lat': 32.834495, 'lng': 35.065309}"
18860,"{'lat': 32.855969, 'lng': 35.098476}"
18953,"{'lat': 32.82354, 'lng': 35.081809}"
18954,"{'lat': 32.823549, 'lng': 35.081712}"
19363,"{'lat': 32.816281, 'lng': 35.077775}"
19373,"{'lat': 32.821534, 'lng': 35.079452}"
19167,"{'lat': 32.815035, 'lng': 35.076297}"
18952,"{'lat': 32.825025, 'lng': 35.079835}"
18956,"{'lat': 32.850722, 'lng': 35.097943}"
19013,"{'lat': 32.861702, 'lng': 35.09496}"
19798,"{'lat': 32.837121, 'lng': 35.103701}"
19126,"{'lat': 32.860839, 'lng': 35.09622}"
19800,"{'lat': 32.833204, 'lng': 35.102819}"
18709,"{'lat': 32.859339, 'lng': 35.100567}"
19801,"{'lat': 32.835663, 'lng': 35.104018}"
21677,"{'lat': 32.817939, 'lng': 35.077926}"
18693,"{'lat': 32.829625, 'lng': 35.084689}"
19015,"{'lat': 32.873251, 'lng': 35.0962}"
19659,"{'lat': 32.858206, 'lng': 35.094537}"
19674,"{'lat': 32.844998, 'lng': 35.091513}"
18697,"{'lat': 32.83897, 'lng': 35.090512}"
18687,"{'lat': 32.820823, 'lng': 35.081271}"
18700,"{'lat': 32.84018, 'lng': 35.089018}"
18712,"{'lat': 32.853279, 'lng': 35.098261}"
18753,"{'lat': 32.829983, 'lng': 35.080928}"
19479,"{'lat': 32.842763, 'lng': 35.093068}"
18691,"{'lat': 32.82603, 'lng': 35.083006}"
18703,"{'lat': 32.848884, 'lng': 35.096755}"
18706,"{'lat': 32.850651, 'lng': 35.097936}"
18713,"{'lat': 32.853579, 'lng': 35.098292}"
18695,"{'lat': 32.833901, 'lng': 35.087673}"
18696,"{'lat': 32.836559, 'lng': 35.089191}"
18912,"{'lat': 32.830461, 'lng': 35.082176}"
20760,"{'lat': 32.83321, 'lng': 35.103185}"
19123,"{'lat': 32.855523, 'lng': 35.094798}"
18769,"{'lat': 32.866241, 'lng': 35.095512}"
18707,"{'lat': 32.856418, 'lng': 35.099119}"
18711,"{'lat': 32.860713, 'lng': 35.098716}"
19799,"{'lat': 32.835309, 'lng': 35.101536}"
20762,"{'lat': 32.860933, 'lng': 35.097578}"
19122,"{'lat': 32.858642, 'lng': 35.095213}"
21655,"{'lat': 32.845643, 'lng': 35.090849}"
21680,"{'lat': 32.815415, 'lng': 35.074914}"
21817,"{'lat': 32.865369, 'lng': 35.100139}"
18705,"{'lat': 32.849855, 'lng': 35.094069}"
24133,"{'lat': 32.873146, 'lng': 35.096379}"
18752,"{'lat': 32.846711, 'lng': 35.092477}"
18690,"{'lat': 32.817287, 'lng': 35.079584}"
18686,"{'lat': 32.817178, 'lng': 35.07951}"
18702,"{'lat': 32.849679, 'lng': 35.094404}"
18688,"{'lat': 32.838963, 'lng': 35.086658}"
18768,"{'lat': 32.865017, 'lng': 35.095191}"
18710,"{'lat': 32.860973, 'lng': 35.096625}"
18751,"{'lat': 32.842701, 'lng': 35.089092}"
19318,"{'lat': 32.84212, 'lng': 35.089383}"
21576,"{'lat': 32.87214, 'lng': 35.097614}"
18698,"{'lat': 32.836144, 'lng': 35.088962}"
19206,"{'lat': 32.81435, 'lng': 35.077983}"
19168,"{'lat': 32.846654, 'lng': 35.094532}"
21643,"{'lat': 32.839086, 'lng': 35.093555}"
19121,"{'lat': 32.858842, 'lng': 35.095305}"
18708,"{'lat': 32.860182, 'lng': 35.100824}"
18694,"{'lat': 32.832335, 'lng': 35.086589}"
21659,"{'lat': 32.835778, 'lng': 35.084532}"
21575,"{'lat': 32.872257, 'lng': 35.097629}"
18692,"{'lat': 32.829479, 'lng': 35.08408}"
19802,"{'lat': 32.84044, 'lng': 35.094573}"
17925,"{'lat': 32.815314, 'lng': 35.074933}"
19083,"{'lat': 32.860818, 'lng': 35.099381}"
21815,"{'lat': 32.863416, 'lng': 35.100145}"
18704,"{'lat': 32.849121, 'lng': 35.096258}"
19120,"{'lat': 32.85549, 'lng': 35.094793}"
18858,"{'lat': 32.833964, 'lng': 35.087709}"
21654,"{'lat': 32.845765, 'lng': 35.090932}"
18754,"{'lat': 32.836212, 'lng': 35.084916}"
27222,"{'lat': 32.846882, 'lng': 35.104542}"
27226,"{'lat': 32.851531, 'lng': 35.1049}"
27225,"{'lat': 32.850358, 'lng': 35.105241}"
27221,"{'lat': 32.8466, 'lng': 35.104075}"
27223,"{'lat': 32.848238, 'lng': 35.104957}"
27224,"{'lat': 32.849564, 'lng': 35.105074}"
17689,"{'lat': 32.813785, 'lng': 35.075565}"
27227,"{'lat': 32.852013, 'lng': 35.104973}"
27229,"{'lat': 32.853327, 'lng': 35.104546}"
27228,"{'lat': 32.853502, 'lng': 35.104534}"
18699,"{'lat': 32.840034, 'lng': 35.091122}"
18689,"{'lat': 32.81954, 'lng': 35.080888}"
21812,"{'lat': 32.867883, 'lng': 35.100097}"
19796,"{'lat': 32.842348, 'lng': 35.096369}"
20761,"{'lat': 32.860817, 'lng': 35.096734}"
20651,"{'lat': 32.845251, 'lng': 35.095945}"
20759,"{'lat': 32.833212, 'lng': 35.103194}"
21816,"{'lat': 32.862644, 'lng': 35.100147}"
21900,"{'lat': 32.834831, 'lng': 35.084686}"
21665,"{'lat': 32.855275, 'lng': 35.094116}"
21664,"{'lat': 32.85525, 'lng': 35.094113}"
18955,"{'lat': 32.831853, 'lng': 35.086247}"
19025,"{'lat': 32.839693, 'lng': 35.090158}"
21649,"{'lat': 32.815982, 'lng': 35.08039}"
21662,"{'lat': 32.849654, 'lng': 35.09327}"
21663,"{'lat': 32.849547, 'lng': 35.09323}"
21661,"{'lat': 32.842181, 'lng': 35.088601}"
21651,"{'lat': 32.842635, 'lng': 35.088949}"
21814,"{'lat': 32.865703, 'lng': 35.100165}"
21660,"{'lat': 32.835783, 'lng': 35.084535}"
19766,"{'lat': 32.845754, 'lng': 35.091054}"
19995,"{'lat': 32.846706, 'lng': 35.094403}"
19675,"{'lat': 32.845166, 'lng': 35.091171}"
19478,"{'lat': 32.842703, 'lng': 35.093097}"
19509,"{'lat': 32.847648, 'lng': 35.092267}"
21813,"{'lat': 32.868286, 'lng': 35.100063}"
18859,"{'lat': 32.850524, 'lng': 35.093613}"
19797,"{'lat': 32.839914, 'lng': 35.09583}"
20093,"{'lat': 32.818111, 'lng': 35.078247}"
20262,"{'lat': 32.848581, 'lng': 35.097744}"
20263,"{'lat': 32.846853, 'lng': 35.096976}"
20264,"{'lat': 32.846655, 'lng': 35.096833}"
21657,"{'lat': 32.829176, 'lng': 35.080335}"
20040,"{'lat': 32.816924, 'lng': 35.076829}"
18883,"{'lat': 32.855728, 'lng': 35.094272}"
20680,"{'lat': 32.756959, 'lng': 34.963897}"
20681,"{'lat': 32.754924, 'lng': 34.964482}"
20682,"{'lat': 32.753853, 'lng': 34.964755}"
20683,"{'lat': 32.752603, 'lng': 34.965358}"
20685,"{'lat': 32.751417, 'lng': 34.965704}"
20686,"{'lat': 32.75038, 'lng': 34.966172}"
20689,"{'lat': 32.75195, 'lng': 34.96833}"
19997,"{'lat': 32.752627, 'lng': 34.969916}"
19787,"{'lat': 32.751347, 'lng': 34.972512}"
19996,"{'lat': 32.754013, 'lng': 34.96981}"
19777,"{'lat': 32.759641, 'lng': 34.972709}"
19998,"{'lat': 32.754608, 'lng': 34.973681}"
20284,"{'lat': 32.759409, 'lng': 34.964007}"
20289,"{'lat': 32.766199, 'lng': 34.965115}"
20292,"{'lat': 32.767663, 'lng': 34.968395}"
19160,"{'lat': 32.760075, 'lng': 34.96691}"
19163,"{'lat': 32.763929, 'lng': 34.967944}"
20283,"{'lat': 32.758173, 'lng': 34.963858}"
20285,"{'lat': 32.760026, 'lng': 34.963958}"
20287,"{'lat': 32.763052, 'lng': 34.9642}"
19597,"{'lat': 32.769897, 'lng': 34.965738}"
19602,"{'lat': 32.759839, 'lng': 34.97629}"
19605,"{'lat': 32.756708, 'lng': 34.974942}"
19612,"{'lat': 32.760259, 'lng': 34.969952}"
21336,"{'lat': 32.757926, 'lng': 34.968448}"
21337,"{'lat': 32.758323, 'lng': 34.968518}"
19826,"{'lat': 32.767442, 'lng': 34.969214}"
20286,"{'lat': 32.761541, 'lng': 34.964167}"
19725,"{'lat': 32.770208, 'lng': 34.972937}"
20509,"{'lat': 32.784717, 'lng': 34.960105}"
19609,"{'lat': 32.751505, 'lng': 34.969811}"
20687,"{'lat': 32.750007, 'lng': 34.967079}"
20688,"{'lat': 32.750763, 'lng': 34.967924}"
20691,"{'lat': 32.753775, 'lng': 34.967991}"
20692,"{'lat': 32.754938, 'lng': 34.968117}"
18206,"{'lat': 32.764453, 'lng': 34.971257}"
18204,"{'lat': 32.768386, 'lng': 34.967678}"
18266,"{'lat': 32.784593, 'lng': 34.962679}"
18201,"{'lat': 32.769226, 'lng': 34.966758}"
18193,"{'lat': 32.758285, 'lng': 34.972909}"
18192,"{'lat': 32.755975, 'lng': 34.972961}"
19825,"{'lat': 32.768345, 'lng': 34.972244}"
19785,"{'lat': 32.77109, 'lng': 34.976374}"
20778,"{'lat': 32.759161, 'lng': 34.972694}"
20291,"{'lat': 32.767102, 'lng': 34.967844}"
19828,"{'lat': 32.768297, 'lng': 34.972318}"
20684,"{'lat': 32.752065, 'lng': 34.96584}"
20690,"{'lat': 32.752258, 'lng': 34.967761}"
19103,"{'lat': 32.75909, 'lng': 34.98087}"
19727,"{'lat': 32.769392, 'lng': 34.975621}"
21338,"{'lat': 32.759926, 'lng': 34.966909}"
21346,"{'lat': 32.758084, 'lng': 34.966874}"
19285,"{'lat': 32.751377, 'lng': 34.973251}"
19440,"{'lat': 32.75992, 'lng': 34.961328}"
19441,"{'lat': 32.761105, 'lng': 34.961411}"
18259,"{'lat': 32.777532, 'lng': 34.963339}"
19596,"{'lat': 32.770841, 'lng': 34.965193}"
18194,"{'lat': 32.756128, 'lng': 34.971176}"
19607,"{'lat': 32.756358, 'lng': 34.972121}"
18200,"{'lat': 32.768192, 'lng': 34.973753}"
18197,"{'lat': 32.764174, 'lng': 34.971625}"
18198,"{'lat': 32.765586, 'lng': 34.97276}"
20693,"{'lat': 32.756743, 'lng': 34.968246}"
20777,"{'lat': 32.758985, 'lng': 34.972812}"
19608,"{'lat': 32.7557, 'lng': 34.969725}"
19599,"{'lat': 32.765826, 'lng': 34.974132}"
19600,"{'lat': 32.763424, 'lng': 34.972949}"
19165,"{'lat': 32.761723, 'lng': 34.967499}"
19164,"{'lat': 32.765692, 'lng': 34.969356}"
19162,"{'lat': 32.763749, 'lng': 34.967957}"
19786,"{'lat': 32.76005, 'lng': 34.968591}"
19161,"{'lat': 32.76184, 'lng': 34.967505}"
19827,"{'lat': 32.767494, 'lng': 34.969663}"
19008,"{'lat': 32.765268, 'lng': 34.962037}"
18260,"{'lat': 32.781209, 'lng': 34.962929}"
19027,"{'lat': 32.761972, 'lng': 34.972689}"
20290,"{'lat': 32.766208, 'lng': 34.964918}"
20288,"{'lat': 32.763947, 'lng': 34.964382}"
19726,"{'lat': 32.771513, 'lng': 34.973905}"
18802,"{'lat': 32.754208, 'lng': 34.96977}"
19151,"{'lat': 32.760221, 'lng': 34.969299}"
19152,"{'lat': 32.750945, 'lng': 34.974584}"
19166,"{'lat': 32.766449, 'lng': 34.969484}"
19171,"{'lat': 32.755976, 'lng': 34.969812}"
18191,"{'lat': 32.753598, 'lng': 34.972482}"
18167,"{'lat': 32.764232, 'lng': 34.961874}"
18196,"{'lat': 32.763446, 'lng': 34.972813}"
18199,"{'lat': 32.766777, 'lng': 34.97402}"
18195,"{'lat': 32.762062, 'lng': 34.972767}"
19613,"{'lat': 32.751324, 'lng': 34.971969}"
19615,"{'lat': 32.752794, 'lng': 34.97223}"
18803,"{'lat': 32.764096, 'lng': 34.974811}"
19590,"{'lat': 32.766823, 'lng': 34.969014}"
19598,"{'lat': 32.767827, 'lng': 34.973902}"
19610,"{'lat': 32.757684, 'lng': 34.967207}"
19611,"{'lat': 32.760175, 'lng': 34.971878}"
19601,"{'lat': 32.759561, 'lng': 34.97452}"
19603,"{'lat': 32.75946, 'lng': 34.978466}"
19604,"{'lat': 32.75864, 'lng': 34.976037}"
18202,"{'lat': 32.772026, 'lng': 34.963048}"
18203,"{'lat': 32.772365, 'lng': 34.964064}"
18205,"{'lat': 32.773184, 'lng': 34.963357}"
18207,"{'lat': 32.759684, 'lng': 34.972635}"
18208,"{'lat': 32.760136, 'lng': 34.971779}"
19606,"{'lat': 32.754722, 'lng': 34.974571}"
